INSERT into Awards VALUES(2000, "Silver");
INSERT into AwardRequirements VALUES(20001, "Go on a Cadette Journey", "");
INSERT into AwardRequirements VALUES(20002, "Identify issues you care about", "");
INSERT into AwardRequirements VALUES(20003, "Build your GS Silver Team or go solo", "");
INSERT into AwardRequirements VALUES(20004, "Explore your community", "");
INSERT into AwardRequirements VALUES(20005, "Pick your Take Action Project", "");
INSERT into AwardRequirements VALUES(20006, "Develop your Project", "");
INSERT into AwardRequirements VALUES(20007, "Make a plan and put it into motion", "");
INSERT into AwardRequirements VALUES(20008, "Reflect, share your story, and celebrate", "");
INSERT into AwardHasRequirements VALUES(2000,20001);
INSERT into AwardHasRequirements VALUES(2000,20002);
INSERT into AwardHasRequirements VALUES(2000,20003);
INSERT into AwardHasRequirements VALUES(2000,20004);
INSERT into AwardHasRequirements VALUES(2000,20005);
INSERT into AwardHasRequirements VALUES(2000,20006);
INSERT into AwardHasRequirements VALUES(2000,20007);
INSERT into AwardHasRequirements VALUES(2000,20008);
INSERT into Awards VALUES(3000, "Gold");
INSERT into AwardRequirements VALUES(30001, "Choose an issue", "Use your values and skills to identify a community issue you care about.");
INSERT into AwardRequirements VALUES(30002, "Investigate", "Research everything you can about the issue.");
INSERT into AwardRequirements VALUES(30003, "Get help", "Invite others to support and take action with you.");
INSERT into AwardRequirements VALUES(30004, "Create a plan", "Create a project plan that achieves sustainable and measurable impact.");
INSERT into AwardRequirements VALUES(30005, "Present your plan and get feedback", "Sum up your project plan for your Girl Scout council.");
INSERT into AwardRequirements VALUES(30006, "Take action", "Take the lead to carry out your plan.");
INSERT into AwardRequirements VALUES(30007, "Educate and inspire", "Share what you have experienced with others.");
INSERT into AwardHasRequirements VALUES(3000,30001);
INSERT into AwardHasRequirements VALUES(3000,30002);
INSERT into AwardHasRequirements VALUES(3000,30003);
INSERT into AwardHasRequirements VALUES(3000,30004);
INSERT into AwardHasRequirements VALUES(3000,30005);
INSERT into AwardHasRequirements VALUES(3000,30006);
INSERT into AwardHasRequirements VALUES(3000,30007);
INSERT into Awards VALUES(1000, "Bronze");
INSERT into AwardRequirements VALUES(10001, "Go on a Girl Scout Junior Journey", "");
INSERT into AwardRequirements VALUES(10002, "Build your Girl Scout Junior Team", "");
INSERT into AwardRequirements VALUES(10003, "Explore your community", "");
INSERT into AwardRequirements VALUES(10004, "Choose your Bronze project", "");
INSERT into AwardRequirements VALUES(10005, "Make a plan", "");
INSERT into AwardRequirements VALUES(10006, "Put your plan in motion", "");
INSERT into AwardRequirements VALUES(10007, "Spread the word", "");
INSERT into AwardHasRequirements VALUES(1000,10001);
INSERT into AwardHasRequirements VALUES(1000,10002);
INSERT into AwardHasRequirements VALUES(1000,10003);
INSERT into AwardHasRequirements VALUES(1000,10004);
INSERT into AwardHasRequirements VALUES(1000,10005);
INSERT into AwardHasRequirements VALUES(1000,10006);
INSERT into AwardHasRequirements VALUES(1000,10007);