INSERT into Badges VALUES(4000,'Digital Photographer');
INSERT into BadgeQuests VALUES(40001,'Learn about digital cameras from an','Learn about digital cameras from an expert. Digital cameras have so many buttons; it can sometimes be tricky figuring out how to turn one on! In this step; get a handle on some basics.
');
INSERT into BadgeHasQuest VALUES(4000,40001);
INSERT into BadgeRequirements VALUES(400011,'Interview a local photographer or','Interview a local photographer or photography student. To find a professional photographer in your area; consider calling the local paper or a nearby portrait studio. A local community college or arts center might have photography students who could offer tips and tricks.
');
INSERT into BadgeQuestHasRequirements VALUES(40001,400011);
INSERT into BadgeRequirements VALUES(400012,'Visit a camera store','Visit a camera store. One way to learn about digital cameras is to get your hands on different kinds. Visit a local store that sells cameras; and ask the salesperson to teach you about the models that are available. Ask what makes some cameras better than others and which is their favorite.
');
INSERT into BadgeQuestHasRequirements VALUES(40001,400012);
INSERT into BadgeRequirements VALUES(400013,'Teach yourself the basics','Teach yourself the basics. Team up with an adult and spend two hours reading about and watching videos on both the basics and tips on how to make the most of a digital camera.
');
INSERT into BadgeQuestHasRequirements VALUES(40001,400013);
INSERT into BadgeQuests VALUES(40002,'Take tons of photographs','The great thing about a digital camera is that you can keep shooting until your camera\'s memory card is full; then delete or upload your photos and try again. Pick one of the scenarios below; and take at least 10 different photos. Try all of the shooting modes to make the most of your cool equipment!
');
INSERT into BadgeHasQuest VALUES(4000,40002);
INSERT into BadgeRequirements VALUES(400021,'Photograph a friend or group of','Photograph a friend or group of friends. Change locations so the photos have different backgrounds (both indoors and outdoors) and angles (like photographing someone from the side). Use the self-timer setting to include yourself in some of the photos.
');
INSERT into BadgeQuestHasRequirements VALUES(40002,400021);
INSERT into BadgeRequirements VALUES(400022,'Photograph a pet','Photogrpah a pet. Taking photos of animals requires patience! Pick the subject you want to photograph; and try to capture the animal doing something different in each photo. You may need to use the action mode!
');
INSERT into BadgeQuestHasRequirements VALUES(40002,400022);
INSERT into BadgeRequirements VALUES(400023,'Photograph a landscape','\"Photograph a landscape. Try to capture the beauty of your favorite scenic spot. Landscape photographers often take photos at dawn or dusk; when there\'s beautiful; natural light. FOR MORE FUN: Have a \"\"leave no trace\"\" photo scavenger hunt with friends! Find 10 items in nature and take photos to show what you \"\"found.\"\"\"
');
INSERT into BadgeQuestHasRequirements VALUES(40002,400023);
INSERT into BadgeQuests VALUES(40003,'Edit three photos','Digital photos are easy to manipulate; or change. You can do almost anything to photos using an editing program; such as change the color of someone\'s hair or add clouds to the sky. Get started by doing one of the following to at least three of your photos from step 2.
');
INSERT into BadgeHasQuest VALUES(4000,40003);
INSERT into BadgeRequirements VALUES(400031,'Fix something','Fix something. Sometimes your photo is only a step away from being perfect. Perhaps your flash gave someone red eyes; or the image is too dark and you want to lighten it up. Use an editing program to make your photo even better.
');
INSERT into BadgeQuestHasRequirements VALUES(40003,400031);
INSERT into BadgeRequirements VALUES(400032,'Change something','Change something. Take a series of your favorite photos and make them different. Maybe it\'s as simple as turning each one black and white. Or you could turn the sky purple and make the ground blue. The options are truly endless!
');
INSERT into BadgeQuestHasRequirements VALUES(40003,400032);
INSERT into BadgeRequirements VALUES(400033,'Add something','Add something. Make a photo unique by adding a new item. It could be text that explains what\'s going on. You could drop a cartoon hat on a friend; or combine two photos so that family members who live far away are standing next to each other.
');
INSERT into BadgeQuestHasRequirements VALUES(40003,400033);
INSERT into BadgeQuests VALUES(40004,'Make a digital photo project','It\'s time to create art with your photos! Use a computer to make a digital creation.
');
INSERT into BadgeHasQuest VALUES(4000,40004);
INSERT into BadgeRequirements VALUES(400041,'Create a collage','Create a collage. A collage is a collection of images and items pieced together to make a whole new picture. Take photos to create a collage based on a single theme; like friendship or your favorite season; and fit them together with the help of a collage program.
');
INSERT into BadgeQuestHasRequirements VALUES(40004,400041);
INSERT into BadgeRequirements VALUES(400042,'Create a panoramic photo to','\"Create a panormaic photo to capture a wide view. Take a series of photos and piece them together digitally to create a panorama. FOR MORE FUN: Create a puzzle. Make a large print of a photo; glue it to cardboard; and with an adult\'s help; cut it into puzzle-shaped pieces.\"
');
INSERT into BadgeQuestHasRequirements VALUES(40004,400042);
INSERT into BadgeRequirements VALUES(400043,'Make a gift for someone special','\"Make a gift for someone special. Frame a photo or series of photos; or; with an adult\'s help; go online to put a favorite photo on anything from a T-shirt to a mouse pad! FOR MORE FUN: Make a calendar with a different photo for every month!\"
');
INSERT into BadgeQuestHasRequirements VALUES(40004,400043);
INSERT into BadgeQuests VALUES(40005,'Share your photos','Now\'s your chance to show off your digital photos to the world-or at least to your friends and family.
');
INSERT into BadgeHasQuest VALUES(4000,40005);
INSERT into BadgeRequirements VALUES(400051,'Make a digital album','Make a digital album. Most major digital photo sites supply the tools needed for you to upload your photos and create your own digital album. Even if you never order the printed version; you can still share the link so that friends can check out your work!
');
INSERT into BadgeQuestHasRequirements VALUES(40005,400051);
INSERT into BadgeRequirements VALUES(400052,'Stage an art show','Stage an art show. Select 15 to 30 favorite photos; and invite your friends and family to an exhibition. Make a slide show that plays on your computer screen; or project it onto a white wall or screen.
');
INSERT into BadgeQuestHasRequirements VALUES(40005,400052);
INSERT into BadgeRequirements VALUES(400053,'Start an online photo journal','Start an online photo journal. If you\'ve got a story to tell with your photos; tell it online! With an adult\'s help; post one photo per day for a week on a social site for friends and family to see. Write captions for each so everyone can follow and comment.
');
INSERT into BadgeQuestHasRequirements VALUES(40005,400053);
INSERT into Badges VALUES(4001,'Staying Fit');
INSERT into BadgeQuests VALUES(40011,'Start moving','The most important part of healthy living is staying active. And to stay active; you have to find yoru favorite ways to move; so you\'ll want to keep going! Use this step to find the fun-and practice your choice for two weeks.
');
INSERT into BadgeHasQuest VALUES(4001,40011);
INSERT into BadgeRequirements VALUES(400111,'Try 30 minutes of aerobic activity','\"Try 30 minutes of aerobic activity three times each week. Aerobic activities are things that make your heart beat fast. Some fun ones are jump-roping; jogging; biking; and dancing. Mix and match any kind! FOR MORE FUN: Make an activity chart listing friends\' names down the side and five activities everyone wants to try along the top; create a grid. When anyone does one of the activites; put a footprint in the correct square on the chart. Who can cross the \"\"finish line\"\" first?\"
');
INSERT into BadgeQuestHasRequirements VALUES(40011,400111);
INSERT into BadgeRequirements VALUES(400112,'Find a way to make your day more','\"Find a way to make your day more active. Doctors recommend walking 10;000 steps a day; so step up! For example; if you live in an apartment and usually take an elevator; take the stairs instead. Or if you ride the bus; march in place at the bus stop.FOR MORE FUN: Track your steps with a friend to see who can take the most in a week.\"
');
INSERT into BadgeQuestHasRequirements VALUES(40011,400112);
INSERT into BadgeRequirements VALUES(400113,'Forget being a couch potato','\"Forget being a couch potato. Instead of just lying around; make an hour of TV time active at least three times a week. You might do leg lifts; sit-ups; or jumping jacks during commercial breaks. Or make up a game to jog in place really fast when your favorite characters speak. FOR MORE FUN: Create a No Couch Potatoes Pledge for your entire family to sign.\"
');
INSERT into BadgeQuestHasRequirements VALUES(40011,400113);
INSERT into BadgeQuests VALUES(40012,'Keep your fit body fueled','You can\'t stay fit without the fuel to move! Learn what your body needs to stay strong and fit. Before you start this step; review the USDA Food Pyramid with your Junior friends. Then put that information into action.
');
INSERT into BadgeHasQuest VALUES(4001,40012);
INSERT into BadgeRequirements VALUES(400121,'Be a food-label detective','\"Be a food-label detective. Learn the basics of food labels-what information is there and what is important to know about each category. Then do a label hunt in your kitchen to find the most healthful snack. Compare at least three labels. FOR MORE FUN: Make a food-label poster with your friends. Label what\'s good and not so good for you and hang it where your information can help others.\"
');
INSERT into BadgeQuestHasRequirements VALUES(40012,400121);
INSERT into BadgeRequirements VALUES(400122,'Play a brainstorm game','\"Play a brainstorm game. Brainstorm a list of healthful food categories; like foods high in vitamin C or leafy green veggies. Write each category on a separate piece of paper and fold it up. One at a time; each player draws a paper and reads the category aloud. Everyone then gets one minute to write down every food they can think of in that category. FOR MORE FUN: Make it an alphabet challenge-list only foods that start with a particular letter. (You might find this one easier in the grocery store!)\"
');
INSERT into BadgeQuestHasRequirements VALUES(40012,400122);
INSERT into BadgeRequirements VALUES(400123,'Nutrient scavenger hunt','Nutrient scavenger hunt. Choose five nutrients; like calcium; zinc; vitamin C; protein; and carbohydrates; and talk about why they\'re important. Then  go on a hunt at the store or in a kitchen for foods that provide the highest percentages of those nutrients.
');
INSERT into BadgeQuestHasRequirements VALUES(40012,400123);
INSERT into BadgeQuests VALUES(40013,'Know how to stress less','When our bodies move enough; rest enough; and get the right fuel; we tend to get less upset and worry less often-we stress less! Still; there are times when we ened other ideas for how to feel better.
');
INSERT into BadgeHasQuest VALUES(4001,40013);
INSERT into BadgeRequirements VALUES(400131,'Dear self','\"Dar self…You almost always feel better when you get your feelings out; even if you just share them with your diary! For a week; write or draw how you feel each day. Then take a week off; then record your feelings for another week. Could you tell the difference? FOR MORE FUN: Write down something that makes you stressed. The next time it makes you feel that way; rip up the piece of paper and throw it away. Did it make you feel a little better?\"
');
INSERT into BadgeQuestHasRequirements VALUES(40013,400131);
INSERT into BadgeRequirements VALUES(400132,'Helping others help us','Helping others help us. Sometimes it helps your own stress if you can solve a problem for someone else. For the next two weeks; if you feel stressed; see if you can help a friend with a problem. Just having someone to talk to could make them feel better-and the same might be true for you!
');
INSERT into BadgeQuestHasRequirements VALUES(40013,400132);
INSERT into BadgeRequirements VALUES(400133,'Create a stress-free zone','Create a stress-free zone. Find a place in your home or outside that you can go when you feel stressed. Take a bag of your favorite things with you and spend 15 minutes there the next three times you need a break. Make it a quiet and relaxing place; or a loud dancing/jumping around area (so long as you\'re not stressing out someone else!).
');
INSERT into BadgeQuestHasRequirements VALUES(40013,400133);
INSERT into BadgeQuests VALUES(40014,'Get the truth about health','There are a lot of health ideas floating around-between friends; in the media; at school. Not all of these resources are accurate; so how do you separate fact form fiction? Use this step to help you.
');
INSERT into BadgeHasQuest VALUES(4001,40014);
INSERT into BadgeRequirements VALUES(400141,'Review health websites','Review health websites. In a group; search online for the answer to a health question. There are probably many! Review at least three answers. Then find an answer that has been reviewed by real medical professionals. Jot down the site so you can use it to find true and safe answers in the future.
');
INSERT into BadgeQuestHasRequirements VALUES(40014,400141);
INSERT into BadgeRequirements VALUES(400142,'Talk to a health professional','Talk to a health professional. Visit a pediatrician; school nurse; pharmacist; or other trusted adult with health knowledge; or invite them to speak to your group. Ask for their top health tips for girls your age.
');
INSERT into BadgeQuestHasRequirements VALUES(40014,400142);
INSERT into BadgeRequirements VALUES(400143,'Find truth in advertising','\"Find truth in advertising. Bring a health advertisement to the library. It might be for lotion; makeup; or shampoo. With the librarian\'s help; find out if the claims it makes are true. FOR MORE FUN: Make a collage poster with the ad and the true health information and display it where it will help others.\"
');
INSERT into BadgeQuestHasRequirements VALUES(40014,400143);
INSERT into BadgeQuests VALUES(40015,'Help your family stay fit','Why should you be the one having all the fun? Help your family become fit. Teach them some ideas you\'ve learned throughout this badge. Then try one of these activities.
');
INSERT into BadgeHasQuest VALUES(4001,40015);
INSERT into BadgeRequirements VALUES(400151,'\"Have a \"\"slow food\"\" dinner\"','\"Have a \"\"slow food\"\" dinner. Help make a healthful dinner. Create a menu together; shop for ingredients; then take time to focus on food and eat together. Talk about your favorite flavors. You might even find a way to get a picky eater to try something new! Maybe even play a board game afterward?\"
');
INSERT into BadgeQuestHasRequirements VALUES(40015,400151);
INSERT into BadgeRequirements VALUES(400152,'Come up with an active family','\"Come up with an active family activity. Find something everyone can do together; then go do it! It could be a bike ride; a hike; a game around raking leaves in your yard; or a \"\"get our chores done\"\" challenge. FOR MORE FUN: Create a family obstacle course!\"
');
INSERT into BadgeQuestHasRequirements VALUES(40015,400152);
INSERT into BadgeRequirements VALUES(400153,'Have a family check-in night','Have a family check-in night. Sometimes families can get so busy that they forget to check on each other. Hold a family meeting in which everyone talks about their day and what made them feel especially good or bad. Help each other end the day on a happy note-maybe with a dance party or favorite mostly healthy treat.
');
INSERT into BadgeQuestHasRequirements VALUES(40015,400153);
INSERT into Badges VALUES(4002,'Musician');
INSERT into BadgeQuests VALUES(40021,'Explore how music is made','All music is made up of individual sounds called notes. Played in a certain order; notes make a song. Instruments turn songs into music; and the music shares a mood with the audience.
');
INSERT into BadgeHasQuest VALUES(4002,40021);
INSERT into BadgeRequirements VALUES(400211,'Find out about three different','\"Find out about three different instruments. For each instrument; listen to a recording in which you can hear the instrument well. Find out when it\'s commonly played and where it originated. You could choose an instrument from another country or time period as well. FOR MORE FUN: Try to make a sound on the three instruments of your choice. Ask for help from a music teacher or an instrument rental store.\"
');
INSERT into BadgeQuestHasRequirements VALUES(40021,400211);
INSERT into BadgeRequirements VALUES(400212,'Be a conductor','Be a conductor. A conductor guides musicians through the music by keeping count and telling various instrument when to start; stop; and play loudly or softly. Choose a piece of music and learn how to conduct it. For help understanding how the music is written and what different symbols mean; team up with a musician.
');
INSERT into BadgeQuestHasRequirements VALUES(40021,400212);
INSERT into BadgeRequirements VALUES(400213,'Get in the musical mood','\"Get in the musical mood.  Find one song form each of these kinds of performance groups: orchestra; choir or opera; pop artist; and marching band. While listening to each song; move your body to match the mood of the music. Is it sad and slow? Happy and fast? FOR MORE FUN: As girls did in their Musician badge in 1930; be able to tell major from minor by hearing a few bars played in a major or minor key.\"
');
INSERT into BadgeQuestHasRequirements VALUES(40021,400213);
INSERT into BadgeQuests VALUES(40022,'Travel around the world of music','Music is as varied as the people who make it. Take this chance to travel back in time or to different countries through sound.
');
INSERT into BadgeHasQuest VALUES(4002,40022);
INSERT into BadgeRequirements VALUES(400221,'Listen to one pop song from three','\"Listen to one pop song from three different countries. Talk about what you think of the songs and how they\'re similar or different to other music you\'ve heard. FOR MORE FUN: Listen to a hit from the year you were born-or songs from the birth year of each member of your family!\"
');
INSERT into BadgeQuestHasRequirements VALUES(40022,400221);
INSERT into BadgeRequirements VALUES(400222,'Find out more about three','\"Find out more about three composers and their music. As part of your three; choose one modern and one historic composer. Listen to one piece from each. Research where the composer is from and when the piece was written. Share what you liked about the music with your group; friends; or family. FOR MORE FUN: Write a short story or play based on an incident in the life of a great composer.\"
');
INSERT into BadgeQuestHasRequirements VALUES(40022,400222);
INSERT into BadgeRequirements VALUES(400223,'\"Oh say','\"Oh say; can you see? The anthem for the United States is \"\"The Star-Spangled Banner.\"\" Listen to and compare the U.S. anthem with anthems from three other countries. When and why are the anthems played? What do they have in common? And how do they make you feel? FOR MORE FUN: Make up a short anthem for you or your Junior group.\"
');
INSERT into BadgeQuestHasRequirements VALUES(40022,400223);
INSERT into BadgeQuests VALUES(40023,'Check out the music in your life','Your family and friends probably like certain types of music more than others. Maybe your community or city is famous for a certain type of music. Find out more about the music that\'s all around you.
');
INSERT into BadgeHasQuest VALUES(4002,40023);
INSERT into BadgeRequirements VALUES(400231,'Take a music poll','\"Take a music poll. Ask five members of your family or friends what their favorite type of music is and why. Also ask them to play (or sing) you their favorite song and tell you why they like it. FOR MORE FUN: Work with an adult to use a music-preference program; like iTunes Genius or Pandora; to suggest other songs or artists your five people might like; based on what they shared with you.\"
');
INSERT into BadgeQuestHasRequirements VALUES(40023,400231);
INSERT into BadgeRequirements VALUES(400232,'Go to a live musical performance','\"Go to a live musical performance. Team up with an adult and your friends to attend a local music event. You could see someone play at a coffee shop; a festival; a concert; or even on a city street. FOR MORE FUN: After the performance; draw a picture of how the music made you feel-experiment with colors and shapes to express the mood!\"
');
INSERT into BadgeQuestHasRequirements VALUES(40023,400232);
INSERT into BadgeRequirements VALUES(400233,'Interview someone with a job in','Interview someone with a job in music. It might be a performer; a sound engineer; a music critic; or a music teacher. Find out why they became interested in music; and why they like their job. Share what you find with family or friends.
');
INSERT into BadgeQuestHasRequirements VALUES(40023,400233);
INSERT into BadgeQuests VALUES(40024,'Make your own music','Try out your music skills by making your own instrument or composing a song. Think about how you want to perform in the last step; so you can use this one to prepare.
');
INSERT into BadgeHasQuest VALUES(4002,40024);
INSERT into BadgeRequirements VALUES(400241,'Make a simple instrument','\"Make a simple instrument. You might make musical glasses; maracas; or a drum. Play a simple song or keep a basic rhythm on your instrument. FOR MORE FUN: Draw a one-of-a-kind instrument. Label all of its parts and explain what it would sound like and what kinds of music it would play.\"
');
INSERT into BadgeQuestHasRequirements VALUES(40024,400241);
INSERT into BadgeRequirements VALUES(400242,'Compose your own song','Compose your own song. Writing music takes a lot of training; but you can start in a simple way. If you play an instrument; write a melody of at least eight measures. Show notes; key; tempo; and dynamics. Try to teach someone to play your piece-or make it a duet and practice the song together.
');
INSERT into BadgeQuestHasRequirements VALUES(40024,400242);
INSERT into BadgeRequirements VALUES(400243,'Make up lyrics to a song','\"Make up lyrics to a song. The words in a song are called lyrics. Using the tune of a song you know; make up new words and write them down. Most lyrics rhyme; so see if yours can; too! FOR MORE FUN: Find out how to play the song on a musical instrument; and play along with your new lyrics.\"
');
INSERT into BadgeQuestHasRequirements VALUES(40024,400243);
INSERT into BadgeQuests VALUES(40025,'Perform your music','Put on or participate in a performance for family; friends or neighbors. The show can be big or small; and anywhere from you living room to the school cafeteria to a community center stage.
');
INSERT into BadgeHasQuest VALUES(4002,40025);
INSERT into BadgeRequirements VALUES(400251,'Create a performance','Create a performance. Use your new instrument; new composition; or reworded song from the previous step. If you want to play in a group; find a way to use everyone\'s musical talent together.
');
INSERT into BadgeQuestHasRequirements VALUES(40025,400251);
INSERT into BadgeRequirements VALUES(400252,'Perform in a musical event','Perform in a musical event. It could be a school play; recital; band concert; or a church choir. Invite your Girl Scout friends to come and watch you perform.
');
INSERT into BadgeQuestHasRequirements VALUES(40025,400252);
INSERT into BadgeRequirements VALUES(400253,'Add to your skills','Add to your skills. If you\'re already a seasoned musical performer; try to take a solo in a concert; conduct a group; help others in the band practice their parts; or record background sounds or a sound track for a play.
');
INSERT into BadgeQuestHasRequirements VALUES(40025,400253);
INSERT into Badges VALUES(4003,'Entertainment Technology');
INSERT into BadgeQuests VALUES(40031,'Animate your own artwork','Whether you do it digitally or the old-fashioned; hand-drawn way; the secret of animating art is getting 32 frames into one second. Try it yourself!
');
INSERT into BadgeHasQuest VALUES(4003,40031);
INSERT into BadgeRequirements VALUES(400311,'Make a flip book','Make a flip book. Take a pad of paper or find an old paperback book whose margins you can draw in. Then draw something in the exact same spot on each page; moving it slightly each time. So a ball might move up a tiny bit on each page and then move down the same way. Flip through your pages quickly and the ball bounces up and down.
');
INSERT into BadgeQuestHasRequirements VALUES(40031,400311);
INSERT into BadgeRequirements VALUES(400312,'Play around with stop-action','\"Play around with stop-action. Stop-action animation is like a digital flip book-it\'s the process used to make clay or block figures move in films like Wallace and Gromit. Take a building block figure; small doll; or a figure made of clay or wire; set up a simple background (like a sheet of paper); and shine a lamp or flashlight on your scene. Then; shoot a series of pictures of your object doing a small action-like waving; bowing; or lifting a leg-moving its position a VERY little bit each time. Load the pictures onto your computer and put them in sequence. Click through quickly-or use slide presentation software; and set the time between each slide at \"\"00:00\"\" seconds-and you\'ve got a movie! FOR MORE FUN: Use a video-editing program to make your movie even smoother (iMovie and Windows Movie Maker come with many computers).\"
');
INSERT into BadgeQuestHasRequirements VALUES(40031,400312);
INSERT into BadgeRequirements VALUES(400313,'Make your own thaumatrope','Make your own thaumatrope. A thaumatrope is a disk or card with a picture on each side. The disk is attached to two pieces of string or a pencil. When the pencil or string is twirled; the images appear to combine into one. See the sidebar for help.
');
INSERT into BadgeQuestHasRequirements VALUES(40031,400313);
INSERT into BadgeQuests VALUES(40032,'Dig into video game development','Some software developers get to play games all day! Think you might like that kind of career? In this step; team up with an adult to find out.
');
INSERT into BadgeHasQuest VALUES(4003,40032);
INSERT into BadgeRequirements VALUES(400321,'Use a free downloadable program','Use a free downloadable program. With these programs; you can create an interactive story or game using characters they provide. The Massachusets Institute of Technology has a great one called Scratch; or try the Carnegie Mellon University version; called Alice. Share your creation with friends.
');
INSERT into BadgeQuestHasRequirements VALUES(40032,400321);
INSERT into BadgeRequirements VALUES(400322,'Go onto an interactive site','\"Go onto an interactive site. There are a lot of how-to-be-a-programmer sites out there that walk you through the steps of game programming (\"\"Interactive Logo\"\" and \"\"Challenge You\"\" are two to try). Check one out and do your best to build a game!\"
');
INSERT into BadgeQuestHasRequirements VALUES(40032,400322);
INSERT into BadgeRequirements VALUES(400323,'Talk to a developer','\"Talk to a developer! Ask someone in the video game field to share their portfolio and creative process with you. You could invite a student; professor; or professional to chat with your group; or see if you can visit a studio. FOR MORE FUN: Share your own drawings or game concept ideas for feedback.\"
');
INSERT into BadgeQuestHasRequirements VALUES(40032,400323);
INSERT into BadgeQuests VALUES(40033,'Try the science of amusement park','Try the science of amusement park rides. The science of physics makes most theme park action possible; from the flume to the roller coaster to the merry-go-round.
');
INSERT into BadgeHasQuest VALUES(4003,40033);
INSERT into BadgeRequirements VALUES(400331,'Create a roller coaster with marbles','\"Create a roller coaster with marbles and foam tubing. Cut 6-foot pieces of 3/4-inch or 1-inch foam insulation tubing in half lengthwise (ask an adult to help you) and take together a track; starting at the edge of a table or another high place. Use books; boxes; or rolling pins to make hills. Make toilet-paper-tube tunnels. Fashion a loop. Check out the Fetch! \"\"Thrill Ride\"\" activity sheet at pbskids.org for details on this project. FOR MORE FUN: Design a roller coaster online at learner.org/interactives/parkphysics/coaster or ultimaterollercoaster.com.\"
');
INSERT into BadgeQuestHasRequirements VALUES(40033,400331);
INSERT into BadgeRequirements VALUES(400332,'Catapult some stuff','\"Catapult some stuff. Make a catapult out of household items; like a ruler or yardsick for a lever and a thread spool or banana for a fulcrum. Then have a marshmallow or Ping-Pong-ball launching contest with your friends. Whose object flies the farthest? Trade ideas about why. FOR MORE FUN: Check out the Fetch! catapult activity sheet called \"\"Target Practice\"\" at pbskids.org.\"
');
INSERT into BadgeQuestHasRequirements VALUES(40033,400332);
INSERT into BadgeRequirements VALUES(400333,'Figure out centrifugal force','Figure out centrifugal force. This force is what squahes you against your seat in spinning amusement park rides. Try this spinning-water-bucket experiment. Go outside and fill a bucket halfway full of water. Spin it around and around; Ferris-wheel style. Why does the water stay in the bucket?
');
INSERT into BadgeQuestHasRequirements VALUES(40033,400333);
INSERT into BadgeQuests VALUES(40034,'Create your own special effects','Chances are that special effects (FX) play a big role in many of your favorite movies. Sometimes the effects are quite obvious; but lots of times they\'re hidden. See for yourself!
');
INSERT into BadgeHasQuest VALUES(4003,40034);
INSERT into BadgeRequirements VALUES(400341,'Try the blue screen','\"Try the blue scrren. Find out how the chroma-key technology called \"\"blue screen\"\" (or \"\"green screen\"\") works. Then try it yourself! Fashion your own blue screen however you like: anything from cutting out a picture of yourself and sticking it on various backgrounds to using a computer design program to asking a video expert for help filming in front of a real blue screen. FOR MORE FUN: See if a local TV station will let you watch the weather forecast to see blue-screen technology in action.\"
');
INSERT into BadgeQuestHasRequirements VALUES(40034,400341);
INSERT into BadgeRequirements VALUES(400342,'Play makeup artist','\"Play makeup artist. Invite a makeup artist (maybe from a local theater company or television station) to speak to your group about using makeup to emphasize features so they look great on stage or screen. What products do they use; and why? How do they make a person look \"\"natural;\"\" older; younger; or like a nonhuman character such as an animal or alien? Team up with an adult to try some of the techniques on a friend; using any makeup you have on hand. FOR MORE FUN: Ask a graphic designer to show you how they adjust people\'s features for print media; such as erasing wrinkles or adding color to cheeks.\"
');
INSERT into BadgeQuestHasRequirements VALUES(40034,400342);
INSERT into BadgeRequirements VALUES(400343,'Make your own 3-D glasses','\"Make your own 3-D glasses. Follow the instructions on the next page to make your own 3-D fun! FOR MORE FUN: Make a 3-D picture; too. Ask an adult to help you find instructions and free; easy-to-use software online.\"
');
INSERT into BadgeQuestHasRequirements VALUES(40034,400343);
INSERT into BadgeQuests VALUES(40035,'Surf a sound wave','Sound technology has changed enormously in the past few decades; and the changes; especially the invention of compressed MP3 files; have made playing recording; and sharing music easier and more accessible. But no matter how music is played; it all comes from the science of sound waves.
');
INSERT into BadgeHasQuest VALUES(4003,40035);
INSERT into BadgeRequirements VALUES(400351,'Experiment with acoustics','\"Experiment with acoustics. Acoustics are the qualities that affect how a sound is heard in a particular area. Find a portable music player and choose five spaces; such as an empty gym; a backyard; or a kitchen. In each space; listen to a song for at least 30 seconds from three to five feet away. (In enclosed rooms; listen from the same distance and direction and at the same volume.) Write down what you notice about the sound in each place. How loud is it? How well can you hear the different parts of the music? After your experiment; research the scienc to learn why sound changes in different spaces. FOR MORE FUN: Put something over you ears in one of the spaces; like your hands; a scarf; or some foam. What happens to sound when you add insulation? Why?\"
');
INSERT into BadgeQuestHasRequirements VALUES(40035,400351);
INSERT into BadgeRequirements VALUES(400352,'Go on an elephant hike','Go on an elephant hike. Elephants can hear better than humans-experiment to learn why! See the sidebar for help.
');
INSERT into BadgeQuestHasRequirements VALUES(40035,400352);
INSERT into BadgeRequirements VALUES(400353,'\"Make a ringtone for yourself','\"Make a ringtone for yourself; a friend; or family member. Play around with GarageBand or any similar computer program that lets you layer various instrument riffs together to create your own musical compositions. FOR MORE FUN: Make up an entier song and dedicate it to someone you know.\"
');
INSERT into BadgeQuestHasRequirements VALUES(40035,400353);
INSERT into Badges VALUES(4004,'Scribe');
INSERT into BadgeQuests VALUES(40041,'Start with a poem','There are all kinds of poems-some are short; some long; some rhyme; some don\'t. A poem is a chance to share your feelings and ideas about anything you want; so have fun and let your creativity flow!
');
INSERT into BadgeHasQuest VALUES(4004,40041);
INSERT into BadgeRequirements VALUES(400411,'Write one haiku and one limerick','\"Write one haiku and one limerick. Haiku are three-line Japanese poems. They are most often about nature. Limericks are Irish poems of five lines. They rhyme and are usually very funny.FOR MORE FUN: Write a poem in hieroglyphics. (See the box.)\"
');
INSERT into BadgeQuestHasRequirements VALUES(40041,400411);
INSERT into BadgeRequirements VALUES(400412,'Write one sonnet','Write one sonnet. Sonnets are 14 lines. Shakespeare; one of the most famous writers in the English language; wrote lots of them; mostly about love and relationships. Your topic might be what you like most about your friends.
');
INSERT into BadgeQuestHasRequirements VALUES(40041,400412);
INSERT into BadgeRequirements VALUES(400413,'Write a free-verse poem','\"Write a free-verse poem. \"\"Free verse\"\" means you write your poem about any number of lines; and any number of syllables in a line…you create a poem that\'s your very own style.\"
');
INSERT into BadgeQuestHasRequirements VALUES(40041,400413);
INSERT into BadgeQuests VALUES(40042,'Create a short story','Stories are made up of characters (the people in the story); plot (what\'s happening in the story); and setting (where the story takes place). Make up a five-page story in one of these categories.
');
INSERT into BadgeHasQuest VALUES(4004,40042);
INSERT into BadgeRequirements VALUES(400421,'Mystery','Mystery. If you\'ve ever been sucked into a good mystery story; you know how much fun they can be! They usually involve a detective-like Sammy Keyes or Gilda Joyce-and a crime. What kind of detective will you write about? One your age; or an adult? What type of crime will they investigate?
');
INSERT into BadgeQuestHasRequirements VALUES(40042,400421);
INSERT into BadgeRequirements VALUES(400422,'Humor','Humor. If you like to make people laugh; check out stories by funny writers like Roald Dahl or Gennifer Choldenko for inspiration. Remember that even if your goal is to be humorous; you still need interesting characters with a story to tell!
');
INSERT into BadgeQuestHasRequirements VALUES(40042,400422);
INSERT into BadgeRequirements VALUES(400423,'Adventure','Adventure. Are you drawn to action-packed stories about characters who face big challenges; or do you love imagining fantasy worlds? An adventure story might be a good fit for you. Writers like Cornelia Funke and Ingrid Law may help you come up with ideas.
');
INSERT into BadgeQuestHasRequirements VALUES(40042,400423);
INSERT into BadgeQuests VALUES(40043,'use words to share who you are','\"Autobiographical stories are ones that have happened to you. Begin the same way you did when you told the story from your imagination-with characters; plot; and setting. This time; add lots of detail about how you felt and what you thought in a one-page \"\"sketch\"\" about one of these topics.\"
');
INSERT into BadgeHasQuest VALUES(4004,40043);
INSERT into BadgeRequirements VALUES(400431,'A favorite Girl Scout memory','A favorite Girl Scout memory. It could be a single moment during a meeting or a whole week at camp.
');
INSERT into BadgeQuestHasRequirements VALUES(40043,400431);
INSERT into BadgeRequirements VALUES(400432,'A memorable day','A memorable day. Include lots of details about what you did and why you remember the day so well.
');
INSERT into BadgeQuestHasRequirements VALUES(40043,400432);
INSERT into BadgeRequirements VALUES(400433,'A big adventure','A big adventure. Tell your readers where you went; who was with you; and what made it exciting. Did you learn anything from the experience?
');
INSERT into BadgeQuestHasRequirements VALUES(40043,400433);
INSERT into BadgeQuests VALUES(40044,'Write an article','\"An article is a type of story you might find in a newspaper or magazine. There are many different types of articles; but they all give the facts-not the writer\'s opinions. Writers answer the \"\"5 Ws\"\" to get the facts: Who? What? Where? When? Why? Most articles also start with a sentence called teh \"\"lede\"\" that gives the readers the most interesting or important fact first. Your article doesn\'t have to be long-but it should answer the 5 Ws!\"
');
INSERT into BadgeHasQuest VALUES(4004,40044);
INSERT into BadgeRequirements VALUES(400441,'An interview article','An interview article. Talk to a family member or friend and ask them questions about a specific event or about themselves. Once you\'ve interviewed them; write an article using their answers.
');
INSERT into BadgeQuestHasRequirements VALUES(40044,400441);
INSERT into BadgeRequirements VALUES(400442,'A news story','A news story. Create an article about something that happened in Girl Scouts; at school; or in your community.
');
INSERT into BadgeQuestHasRequirements VALUES(40044,400442);
INSERT into BadgeRequirements VALUES(400443,'\"A \"\"roundup\"\" article\"','\"A \"\"roundup\"\" article. This is an article where you interview different people about the same subject. Talk to at least five people and ask them one question; for example: What was your favorite field trip last year?\"
');
INSERT into BadgeQuestHasRequirements VALUES(40044,400443);
INSERT into BadgeQuests VALUES(40045,'Tell the world what you think','An essay gives facts-but is written from the author\'s point of view. So unlike an article; an essay is chance for you to share your thoughts and feelings. Write a two-page essay about one of these things; and try to include five facts along with your opinion!
');
INSERT into BadgeHasQuest VALUES(4004,40045);
INSERT into BadgeRequirements VALUES(400451,'A favorite animal','A favorite animal. If you love elephants; for example; you might include facts about their trunks; along with your observations about how a trunk could come in handy if you were an elephant.
');
INSERT into BadgeQuestHasRequirements VALUES(40045,400451);
INSERT into BadgeRequirements VALUES(400452,'A place you\'d like to visit','A place you\'d like to visit. You might share some facts you\'ve read; along with your own ideas of what it would be like to go there; and what you would do.
');
INSERT into BadgeQuestHasRequirements VALUES(40045,400452);
INSERT into BadgeRequirements VALUES(400453,'Your favorite book','\"Your favorite book. It might be fun to include a few of your favorite lines from the book (called an \"\"excerpt\"\"); along with your thoughts on what they mean.\"
');
INSERT into BadgeQuestHasRequirements VALUES(40045,400453);
INSERT into Badges VALUES(4005,'Jeweler');
INSERT into BadgeQuests VALUES(40051,'Get to know the tools of the trade','Jewelry is found in almost every culture on the planet. It\'s sometimes worn simply as decoration; or it can hold great meaning. Before you make jewelry; find out about techniques and materials in one of these ways.
');
INSERT into BadgeHasQuest VALUES(4005,40051);
INSERT into BadgeRequirements VALUES(400511,'Visit a jewelry store or jewelry artist','Visit a jewelry store or jewelry artist. Ask if you can take a look at supplies and tools. What are the most common tools for making and repairing jewelry?
');
INSERT into BadgeQuestHasRequirements VALUES(40051,400511);
INSERT into BadgeRequirements VALUES(400512,'Visit a museum with an exhibit on','Visit a museum with an exhibit on jewelry. How was the jewelry made? Is it all in the same style? Which piece did you like most?
');
INSERT into BadgeQuestHasRequirements VALUES(40051,400512);
INSERT into BadgeRequirements VALUES(400513,'Invite a jewelry maker to talk to your','Invite a jewelry maker to talk to your group. Ask them to bring tools that they use on the job and some cool samples of their work.
');
INSERT into BadgeQuestHasRequirements VALUES(40051,400513);
INSERT into BadgeQuests VALUES(40052,'Make jewelry with metal','Most jewelry uses some sort of metal. Jewelers use various types of pliers to bend the metal in amazing ways. Try one of the projects below using metal.
');
INSERT into BadgeHasQuest VALUES(4005,40052);
INSERT into BadgeRequirements VALUES(400521,'Make a chain-loop necklace or','Make a chain-loop necklace or bracelet. Using wire cutters; cut pieces of wire. The number and length of the pieces depend on how big you want each loop. Begin by making one loop. Twist the ends together to form a circle. (Pinch the ends together tight with youru pliers or file with a needle file so they\'ll be smooth.) Once you\'ve made one circle; start the second loop of the chain by pulling the wire through the first circle; and  again twisting its ends together. When the chain is the length you want; twist the final loop through the first one; or attach a clasp.
');
INSERT into BadgeQuestHasRequirements VALUES(40052,400521);
INSERT into BadgeRequirements VALUES(400522,'Make a pendant with a photo or','\"Make a pendant with a photo or \"\"caged\"\" stone. A pendant is a large decoration you hang on a necklace. You can make a photo pendant with a kit; or use a washer from the hardware store. Paint the washer with glue; and then attach a photo you\'ve cut to match the size of the washer. Coat the whole thing with decoupage glue. When it\'s dry; ask an adult to help you poke a hole through the photo and the center of the washer. (This is where the chain or cord will be threaded.) For a caged-stone pendant; see directions on the next page.\"
');
INSERT into BadgeQuestHasRequirements VALUES(40052,400522);
INSERT into BadgeRequirements VALUES(400523,'Make earrings by twisting wire into','Make earrings by twisting wire into a shape. Create the shape of an animal or symbol by shaping wire with your pliers. Or you could wrap wire around your finger to make a coil-dangle earring. Make sure you leave a little bit of wire to run through an earring hook.
');
INSERT into BadgeQuestHasRequirements VALUES(40052,400523);
INSERT into BadgeQuests VALUES(40053,'Turn everyday objects into jewelry','You don\'t need expensive gemstones to make great jewelry. Just look around an dyou\'ll find what you need to create something unique and stylish.
');
INSERT into BadgeHasQuest VALUES(4005,40053);
INSERT into BadgeRequirements VALUES(400531,'Make a bead bracelet','Make a bead bracelet. Form beads out of papier-mâché or clay. Before they harden; poke a pencil through the middle to create a hole so you can thread them. Once they\'re dry; make your handmade beads into a bracelet by threading the beads with wire or cord.
');
INSERT into BadgeQuestHasRequirements VALUES(40053,400531);
INSERT into BadgeRequirements VALUES(400532,'Make two necklaces with different','Make two necklaces with different kinds of cord. Although beads and stones are pretty; what you string them on is just as important. Play with materials for the necklace base. Try a variety of things; like wire; string; or ribbon.
');
INSERT into BadgeQuestHasRequirements VALUES(40053,400532);
INSERT into BadgeRequirements VALUES(400533,'Make jewelry from nature','Make jewelry from nature. Go outside and find materials to make a necklace; bracelet; or ring. You could try shells; seeds; nuts; or even small twigs. For some items you might need an adult\'s help to make holes to string your stuff together.
');
INSERT into BadgeQuestHasRequirements VALUES(40053,400533);
INSERT into BadgeQuests VALUES(40054,'Create jewelry inspired by another','Many cultrues use jewelry as symbols. In ours; a wedding ring shows you\'re married. Find out about the jewelry; or the symbols found on the jewelry; of another culture and make your own version. Here are some you could try.
');
INSERT into BadgeHasQuest VALUES(4005,40054);
INSERT into BadgeRequirements VALUES(400541,'Friendship ring from Ireland','Friendship ring from Ireland. The claddagh ring was created in the 17th century and was named after a village in Ireland. It has two hands holding a heart with a crown; meaning friendship; love; and loyalty. Make a piece of jewelry that you think symbolizes the same things as the claddagh ring. Perhaps a necklace made with three beads: one that reminds you of a friend; one rolled out of a copy of page of a book you love; and a third made from clay in your school colors.
');
INSERT into BadgeQuestHasRequirements VALUES(40054,400541);
INSERT into BadgeRequirements VALUES(400542,'American Indian animal jewelry','American Indian animal jewelry. Some tribes create jewelry called a totem that honors an animal they respect. Some use a lot of natural materials in their jewelry; like wood or feathers. Try creating a piece of jewelry that represents an animal you like. Use natural materials if you can.
');
INSERT into BadgeQuestHasRequirements VALUES(40054,400542);
INSERT into BadgeRequirements VALUES(400543,'Name pendant from Egypt','\"Name pendant from Egypt. Ancient Egyptians believed that a cartouche had magical pwers. It was a piece of jewelry that spelled the wearer\'s name in symbols called hieroglyphics. They believed as long as people spoke their name; they could not be forgotten. Create a pendant with symbols for each letter of your name and turn it into a necklace. FOR MORE FUN: Create symbols for the entire alphabet and make pendants for everyone in your family.\"
');
INSERT into BadgeQuestHasRequirements VALUES(40054,400543);
INSERT into BadgeQuests VALUES(40055,'Make a sparkling gift','Use your new skills to make jewelry to give to someone. You can use everyday objects; model it after jewelry in other cultures; or use interesting metals. Make it symbolize your relationship with the person it\'s for; or the occasion on which you plan to give it.
');
INSERT into BadgeHasQuest VALUES(4005,40055);
INSERT into BadgeRequirements VALUES(400551,'Make jewelry for a friend','Make jewelry for a friend. Think about your friend\'s favorite things; like animals or music. You might try to include those in your design.
');
INSERT into BadgeQuestHasRequirements VALUES(40055,400551);
INSERT into BadgeRequirements VALUES(400552,'Make jewelry for the girls in your','Make jewelry for girls in your Junior group. It could be for a special event or activity. Try to choose some jewelry that everyone can wear. For example; some girls may not have pierced ears.
');
INSERT into BadgeQuestHasRequirements VALUES(40055,400552);
INSERT into BadgeRequirements VALUES(400553,'Make jewelry for a relative','Make jewelry for a relative. Family members usually love homemade gifts!
');
INSERT into BadgeQuestHasRequirements VALUES(40055,400553);
INSERT into Badges VALUES(4006,'Gardener');
INSERT into BadgeQuests VALUES(40061,'Visit a garden','The best way to get inspired about gardening is to explore and enjoy a well-cared-for garden. Take a tour of one of the gardens below to start learning about how gardens are planted; how to take care of them; and the right way to pick flowers when they\'ve blossomed.
');
INSERT into BadgeHasQuest VALUES(4006,40061);
INSERT into BadgeRequirements VALUES(400611,'Visit an outdoor garden','Visit an outdoor garden. Check out a garden at a neighbor\'s house; in a public space in your community; or at a farm. Take photos or make sketches or drawings of your favorite plants in case you decide to grow them yourself. Ask how they grow!
');
INSERT into BadgeQuestHasRequirements VALUES(40061,400611);
INSERT into BadgeRequirements VALUES(400612,'Visit an indoor garden','Visit an indoor garden. See what it takes to grow plants inside a greenhouse or hothouse. These can usually be found at a botanical garden or nursery. Ask why gardeners keep the temperature set differently in different areas.
');
INSERT into BadgeQuestHasRequirements VALUES(40061,400612);
INSERT into BadgeRequirements VALUES(400613,'Visit a landscaped garden','\"Visit a landscaped garden. Find a landscaped garden with pruned shrubs and lines of plants and other flowers. Many cities and large houses have specially landscaped gardens. FOR MORE FUN: A shrub cut into a shape called a topiary. If you made a topiary; what shape would it be? Share your ideas with friends.\"
');
INSERT into BadgeQuestHasRequirements VALUES(40061,400613);
INSERT into BadgeQuests VALUES(40062,'Explore garden design','The first gardens on record were planted in Persia 4;000 years ago. Humans have long known that well-designed gardens can have magical effects-they can make people feel cheerful; thoughtful; or inspired. What kind do you want?
');
INSERT into BadgeHasQuest VALUES(4006,40062);
INSERT into BadgeRequirements VALUES(400621,'Plan your dream garden','Plan your dream garden. Cut out pictures of flowers; trees; and other plants from magazines. Tehn arrange a garden plan that appeals to you. Use the photos to experiment with various layouts. What kinds of colors; patterns; and shapes are your favorites?
');
INSERT into BadgeQuestHasRequirements VALUES(40062,400621);
INSERT into BadgeRequirements VALUES(400622,'Look into surprising gardens','Look into surprising gardens. Gather information about three surprising gardens-try to find out who designed them and how they did it. What about rooftop gardens; English landscape gardens; palace gardens; midnight gardens; or gardens meant to attract certain insects or animals? Then imagine a special garden of your own. Share your idea in a sketch.
');
INSERT into BadgeQuestHasRequirements VALUES(40062,400622);
INSERT into BadgeRequirements VALUES(400623,'Make a mini Zen garden','Make a mini Zen garden. Zen gardens are from Japan; and use rocks; gravel; and other structures to represent natural things like ocean waves or swaying trees. Zen gardeners rake gravel in certain patterns to make people feel at peace. Find ideas in photos of Zen gardens; then make your own. (With an adult\'s help; find easy instructions online.)
');
INSERT into BadgeQuestHasRequirements VALUES(40062,400623);
INSERT into BadgeQuests VALUES(40063,'Learn how to choose garden plants','Before you begin planting a garden; you have to learn how plants grow. For help; visit an arboretum (a place where professinoals show off their plants and gardens); a local nursery; or ask a gardening expert. In each choice; ask your helper how much water and sunlight a plant will need to stay healthy.
');
INSERT into BadgeHasQuest VALUES(4006,40063);
INSERT into BadgeRequirements VALUES(400631,'Find six plants that will grow in your','Find six plants that will grow in your hardiness zone. Learn which plant zone you live in and which plants like your local climate and type of soil.
');
INSERT into BadgeQuestHasRequirements VALUES(40063,400631);
INSERT into BadgeRequirements VALUES(400632,'Find six plants that grow in different','Find six plants that grow in different ways. A gardener can begin to grow a plant from a seed; a bulb; or from roots. Find two plants you could grow from seeds; two from bulbs; and two from roots that are likely to do well in your garden.
');
INSERT into BadgeQuestHasRequirements VALUES(40063,400632);
INSERT into BadgeRequirements VALUES(400633,'Find six seasonal plants','\"Find six seasonal plants. Some plants only grow during certain seasons. Find three plants that would do well during the time of year you\'d like to grow your garden. Ask whether your plants are \"\"annuals;\"\" which only grow one season and then die; or \"\"perennials;\"\" which come back every year.\"
');
INSERT into BadgeQuestHasRequirements VALUES(40063,400633);
INSERT into BadgeQuests VALUES(40064,'Experiment with seeds','If you can; do this step where you\'ll plant your garden in step 5. It should be a place where the plants can get plenty of sunlight and not too many people will bother them. Using an empty egg carton and 12 seeds from a plant you like; experiment with what works best when growing plants in your space.
');
INSERT into BadgeHasQuest VALUES(4006,40064);
INSERT into BadgeRequirements VALUES(400641,'Experiment with soil','Experiment with soil. In two sections of the carton; add two tablespoons of soil. In the next two sections; add only one. Add one seed to each section. Cover the seeds with some of the soil and add a little water every day.
');
INSERT into BadgeQuestHasRequirements VALUES(40064,400641);
INSERT into BadgeRequirements VALUES(400642,'Experiment with water','Experiment with water. Add two tablespoons of potting soil and a seed to each of four sections. Water two sections every day and water the two other sections every three days.
');
INSERT into BadgeQuestHasRequirements VALUES(40064,400642);
INSERT into BadgeRequirements VALUES(400643,'Experiment with sunlight','Experiment with sunlight. Add two tablespoons of potting soil and a seed to each of four sections. Cover two sections with paper cups. Add the same amount of water every day to all four sections.
');
INSERT into BadgeQuestHasRequirements VALUES(40064,400643);
INSERT into BadgeQuests VALUES(40065,'Grow your own garden','Create your own garden with the six plants you found in step 3; six from a nursery; or six from a friend or neighbor who really loves to garden. Follow the spacing and planting directions that come with them; and be sure to ask for help with planting and permission for your space.
');
INSERT into BadgeHasQuest VALUES(4006,40065);
INSERT into BadgeRequirements VALUES(400651,'Plant an outdoor garden','Plant an outdoor garden. If you have access to a yard; perhaps there\'s a plot you can use. Or you might plant a garden in a small planter or an outdoor window box.
');
INSERT into BadgeQuestHasRequirements VALUES(40065,400651);
INSERT into BadgeRequirements VALUES(400652,'Plant an indoor garden','Plant an indoor garden. Houseplants can be part of beautiful indoor gardens. If you have access to a greenhouse or hothouse; you could grow your indoor garden there-or perhaps at a sunny spot inside your own home!
');
INSERT into BadgeQuestHasRequirements VALUES(40065,400652);
INSERT into BadgeRequirements VALUES(400653,'Help with planting at a community','Help with planting at a community or school garden. Many schools and cities offer public gardening spaces. There might be a garden at your place of worship; your library; or in front of town hall. Perhaps one of these places could use your gardening help?
');
INSERT into BadgeQuestHasRequirements VALUES(40065,400653);
INSERT into Badges VALUES(4007,'Detective');
INSERT into BadgeQuests VALUES(40071,'Practice the power of observation','One of a detective\'s most important skills is the ability to watch people and situations very closely. Work on your observation skills with one of these activities.
');
INSERT into BadgeHasQuest VALUES(4007,40071);
INSERT into BadgeRequirements VALUES(400711,'Ask an adult helper to find and','\"Ask an adult helper to find and watch a one-minute online video. Have your helper come up with three questions about the details; such as; \"\"What was the jogger wearing?\"\" then; watch the video and try to answer the questions. FOR MORE FUN: Research memory to learn why recalling details can be difficult.\"
');
INSERT into BadgeQuestHasRequirements VALUES(40071,400711);
INSERT into BadgeRequirements VALUES(400712,'Shake up a room','\"Shake up a room. Have someone take five items out of a room and see if you can identify what was taken. Then ask someone to add items to the room and try to spot them. FOR MORE FUN: Try this in a room that is crowded or really full of stuff.\"
');
INSERT into BadgeQuestHasRequirements VALUES(40071,400712);
INSERT into BadgeRequirements VALUES(400713,'Take notice','Take notice. Every day for one week; make note of three things you never noticed before as you go home from school. Is there a different car in someone\'s driveway? Was a tree cut down in a yard? Was a new sign put up at a store?
');
INSERT into BadgeQuestHasRequirements VALUES(40071,400713);
INSERT into BadgeQuests VALUES(40072,'Communicate in code','Sometimes detectives; spies; or special agents can\'t talk to one another because of distance or the chance of being found out. They have to use other ways to get messages to each other. Try cracking one of these cool codes.
');
INSERT into BadgeHasQuest VALUES(4007,40072);
INSERT into BadgeRequirements VALUES(400721,'Learn some classic codes','Learn some classic codes. First; try Morse code with one of your friends. Send them at least a five-word sentence. Then send the same message in Pigpen code; transposition; or another code. In what situations are each of these codes used?
');
INSERT into BadgeQuestHasRequirements VALUES(40072,400721);
INSERT into BadgeRequirements VALUES(400722,'Create your own code with your','\"Create your own code with your friends. Write the letters in the alphabet; and beneath each; draw a picture or symbol. Make a dictionary so you can remember the code. FOR MORE FUN: Find a page written in French; Spanish; Italian; or German. See how many words you recognize because you know \"\"codes\"\" from the English language.\"
');
INSERT into BadgeQuestHasRequirements VALUES(40072,400722);
INSERT into BadgeRequirements VALUES(400723,'Make invisible inks','Make invisible inks. Write a message using a cotton swab dipped in lemon juice. Dry the paper in the sun or with a hair dryer to see the message. Then try again using baking soda and water-hold it under a light to see the words. Trade ideas with friends about why heat causes the inks to reveal your message.
');
INSERT into BadgeQuestHasRequirements VALUES(40072,400723);
INSERT into BadgeQuests VALUES(40073,'Fingerprint for fun','\"Fingerprinting is used to find criminals and identify missing or injured persons. Take prints using an ink pad; or you can use a pencil to color on a piece of paper. Rub your finger on the pencil marks; then stick a piece of transparent tape on your finger. Remove the tape and see your print! No matter your method; keep these pointers in mind:  žRoll your finger from one side to the other  žžPress the finger hard to get a good print ž žTake care not to smudge the print ž žNow you\'re ready to get started!\"
');
INSERT into BadgeHasQuest VALUES(4007,40073);
INSERT into BadgeRequirements VALUES(400731,'Study three sets of prints','\"Study three sets of prints. Take yours and those of tow friends. The FBI compares seven different patterns in fingerprint identification: the loop; arch; whorl; tented arch; double loop; central pocket loop; and accident. Try to identify the patterns in your prints. How are the three sets the same and how are they different? FOR MORE FUN: Ink prints onto a balloon; and blow it up to look at them really closely.\"
');
INSERT into BadgeQuestHasRequirements VALUES(40073,400731);
INSERT into BadgeRequirements VALUES(400732,'Make your own identity card','\"Make your own identity card. Ink your fingerprint onto a card and label the patterns in it. List details about yourself that others might not know. Then play detective with your Junior friends-choose a card and use the clues to guess the identity! FOR MORE FUN: Make it a detective party! Play Clue or other mystery games.\"
');
INSERT into BadgeQuestHasRequirements VALUES(40073,400732);
INSERT into BadgeRequirements VALUES(400733,'Get fingerprinted at your local police','Get fingerprinted at your local police department. While you\'re there; ask about the importance of fingerprinting; what prints are used for; and how many prints the department takes in a week.
');
INSERT into BadgeQuestHasRequirements VALUES(40073,400733);
INSERT into BadgeQuests VALUES(40074,'Try out detective science','Detectives use cutting-edge science to figure out what happened; whodunnit; and sometimes even to find a motive (the reason for an action). Try one of these.
');
INSERT into BadgeHasQuest VALUES(4007,40074);
INSERT into BadgeRequirements VALUES(400741,'\"Look at three kinds of \"\"evidence\"\"\"','\"Look at three kinds of \"\"evidence.\"\" Use a microscope or magnifying glass to compare farics or soils. You might look at cotton; wool; an dlinen; or sand; dirt; and gravel. When detectives identify fabric at a crime scene; they can figure out what someone was wearing. Soil might be matched to the clothing of someone who was there.\"
');
INSERT into BadgeQuestHasRequirements VALUES(40074,400741);
INSERT into BadgeRequirements VALUES(400742,'Find out about DNA','\"Find out about DNA. Work with a science teacher or other expert to find out what DNA is and what it\'s made of. What kinds of DNA evidence do forensic scientists use to help identify people? (Forensic scientists are scientists who use their skills to help solve crimes.) FOR MORE FUN: Find a recent case in the newspaper or online where DNA played a part in convicting or freeing someone.\"
');
INSERT into BadgeQuestHasRequirements VALUES(40074,400742);
INSERT into BadgeRequirements VALUES(400743,'Detect handwriting details','Detect handwriting details. Find an article or story about detecting or detectives. Read it; then copy one paragraph in handwriting. Ask a friend to do the same. Compare your writing to see how it\'s alike and different. Finding details in handwriting can help detectives solve forgeries.
');
INSERT into BadgeQuestHasRequirements VALUES(40074,400743);
INSERT into BadgeQuests VALUES(40075,'Follow the clues to solve a real','Now that there\'s evidence you could make a great detective; put your skills into action. Try solving one of these mysteries.
');
INSERT into BadgeHasQuest VALUES(4007,40075);
INSERT into BadgeRequirements VALUES(400751,'Ask friends to create a clue hunt','\"Ask friends to create a clue hunt. Follow at least five clues to find something fun; like a secret message. Then try writing clues yourself for your friends to follow. FOR MORE FUN: Sometimes detectives have to go undercover; so try your hunt in disguise.\"
');
INSERT into BadgeQuestHasRequirements VALUES(40075,400751);
INSERT into BadgeRequirements VALUES(400752,'\"Find clues \"\"on the scene\"\"\"','\"Find clues \"\"on the scene.\"\" When a detective arrives at a scene; they look for clues about what happened and about people who were there. Choose a room; like a classroom or office; and be the detective. Sketch the \"\"scene\"\" and label the \"\"clues\"\" you see. For instance; chairs turned away from desks could mean students left in a hurry. Pictures of people in frames could tell you who is important to an office worker. Trade ideas with friends about what you think the clues could mean.\"
');
INSERT into BadgeQuestHasRequirements VALUES(40075,400752);
INSERT into BadgeRequirements VALUES(400753,'Solve three online mysteries.','Solve three mysteries online. With an adult\'s help; find three detective games online. There are some great cases on the FBI\'s kids\' site; and on Planet Science.
');
INSERT into BadgeQuestHasRequirements VALUES(40075,400753);
INSERT into Badges VALUES(4008,'Camper');
INSERT into BadgeQuests VALUES(40081,'Start planning your adventure','Camping out is the perfect adventure. You get to spend the night surrounded by the great outdoors and do fun activities like canoeing; hiking; and singing. You might even go to your favorite Girl Scout camp! Do one of the choices below to help you start planning a fantastic trip.
');
INSERT into BadgeHasQuest VALUES(4008,40081);
INSERT into BadgeRequirements VALUES(400811,'Talk to an experienced camper','Talk to an experienced camper. This might be a parent; a neighbor; or an older Girl Scout who has been camping in your area.
');
INSERT into BadgeQuestHasRequirements VALUES(40081,400811);
INSERT into BadgeRequirements VALUES(400812,'Go to an outdoor store','Go to an outdoor store. Ask a staff member about favorite local camping spots and what supplies they recommend.
');
INSERT into BadgeQuestHasRequirements VALUES(40081,400812);
INSERT into BadgeRequirements VALUES(400813,'Look at campsite maps for your','Look at campsite maps for your local area. Pick a campsite with the help of your Girl Scout volunteer. Keep the activities you want to do and your budget in mind.
');
INSERT into BadgeQuestHasRequirements VALUES(40081,400813);
INSERT into BadgeQuests VALUES(40082,'Gain a new camping skill','Whether you\'ll be hiking; boating; or getting to know your friends around the campfire; learn more about special skills that might come in handy at camp. Plan a way to use the skill on your camping trip.
');
INSERT into BadgeHasQuest VALUES(4008,40082);
INSERT into BadgeRequirements VALUES(400821,'Tie useful knots','\"Tie useful knots.Knots can be used to hang up gear; tie tent flaps; connect a boat to a dock; and for lots of cool crafts. Ask an older Girl Scout or other expert to teach you some basic knots; including the square knot; the clove hitch; and the bowline. FOR MORE FUN: Have a knot-tying relay! See the next page for directions.\"
');
INSERT into BadgeQuestHasRequirements VALUES(40082,400821);
INSERT into BadgeRequirements VALUES(400822,'Use a map and compass or GPS','\"Use a map and compass or GPS. A compass is a tool that helps you find north; south; east; and west. A GPS is like a digital compass. Learn to adjust a map according to the difference between true and magnetic north; take a compass bearing from a map and follow it; and sight an object; walk to it; and return to your starting point. For a challenge; learn to find your pace as well. FOR MORE FUN: Learn to use a topographical map.\"
');
INSERT into BadgeQuestHasRequirements VALUES(40082,400822);
INSERT into BadgeRequirements VALUES(400823,'Build a campfire','\"Build a campfire. Know the safety precautions for setting up and putting out fires before you begin; as well as local rules about fires. Then learn how to build at least one kind of fire-and when to make it- from an older Girl Scout or camping expert. FOR MORE FUN: Learn ways to make your own fire starters.\"
');
INSERT into BadgeQuestHasRequirements VALUES(40082,400823);
INSERT into BadgeQuests VALUES(40083,'Find your inner camp chef','First; make sure you know how to pack food to keep it fresh; and how to store it to keep bugs and animals away. Then choose one of these ideas for a great camp meal. Pack all the equipment and ingredients and enjoy it on your trip.
');
INSERT into BadgeHasQuest VALUES(4008,40083);
INSERT into BadgeRequirements VALUES(400831,'Make a one-pot meal','Make a one-pot meal. Find a recipe or combine two or three of your favorite ingredients to make a delicious stew.
');
INSERT into BadgeQuestHasRequirements VALUES(40083,400831);
INSERT into BadgeRequirements VALUES(400832,'Cook in foil','Cook in foil. When using a campfire as your stove; cooking with foil is a great way to keep food from falling into the fire. Lots of things can be cooked in foil-from corn to pizza to campfire chicken stew.
');
INSERT into BadgeQuestHasRequirements VALUES(40083,400832);
INSERT into BadgeRequirements VALUES(400833,'Cook a meal on a stick','Cook a meal on a stick. Try grilled cheese in a hot dog bun; delicious roasted bananas to top pancakes; or sausages.
');
INSERT into BadgeQuestHasRequirements VALUES(40083,400833);
INSERT into BadgeQuests VALUES(40084,'Try a new activity','Camp is a great place to try new activities and discover your new favorite thing to do. Choose one of these extra adventures to try on your trip. You might need to plan for additional equipment; find adult experts; or gather more information to make the most of your choice!
');
INSERT into BadgeHasQuest VALUES(4008,40084);
INSERT into BadgeRequirements VALUES(400841,'Have some Leave No Trace fun','Have some Leave No Trace fun. Make up a fun skit; game; or activity about one of the principles of Leave No Trace. Or create a special LNT ceremony.
');
INSERT into BadgeQuestHasRequirements VALUES(40084,400841);
INSERT into BadgeRequirements VALUES(400842,'Be a scientist-and keep a journal','Be a scientist - and keep a journal. You could try being a botanist; and identify different kinds of trees and flowers. A geologist might classify rocks. An ornithologist would try to identify different birds and the sounds they make.
');
INSERT into BadgeQuestHasRequirements VALUES(40084,400842);
INSERT into BadgeRequirements VALUES(400843,'Try a new adventure','\"Try a new adventure! Perhaps a hike you\'ve never done to a scenic overlook or waterfall? How about boating; snowshoeing; bird-watching; or horseback riding? FOR MORE FUN: Take your camera or a sketch pad; and record your experiences to share!\"
');
INSERT into BadgeQuestHasRequirements VALUES(40084,400843);
INSERT into BadgeQuests VALUES(40085,'Head out on your trip-and have','Head out on your trip-and have some nighttime fun! The fun doesn\'t end once the sun goes down. When you\'re on your trip; after you\'ve eaten your delicious meal and used your new camping skill; settle down to enjoy the magic of camp at night. Do one of these great nighttime activities.
');
INSERT into BadgeHasQuest VALUES(4008,40085);
INSERT into BadgeRequirements VALUES(400851,'Gather around the campfire','Gather around the campfire. If you can\'t have a fire; place your flashlights in a circle. Tell your favorite stores; gaze at the stars; sing your favorite Girl Scout songs; and play games!
');
INSERT into BadgeQuestHasRequirements VALUES(40085,400851);
INSERT into BadgeRequirements VALUES(400852,'Do a night watch','Do a night watch. Team up with an adult to choose a special spot outdoors. Arrange for one-hour shifts through the night; signing up in pairs. Let yourself become part of the outdoors at night by keeping silent. How is the night world different from the day? What happens to your senses? Record or log what you see and hear during your shift; and have everyone report back over breakfast.
');
INSERT into BadgeQuestHasRequirements VALUES(40085,400852);
INSERT into BadgeRequirements VALUES(400853,'Have fun with flashlights','Have fun with flashlights. You could play a game of flashlight tag. (First; make sure you discuss with an adult where it\'s safe to play.) Or you might go on a night hike.
');
INSERT into BadgeQuestHasRequirements VALUES(40085,400853);
INSERT into Badges VALUES(4009,'Independence');
INSERT into BadgeQuests VALUES(40091,'Get transportation smart','It\'s fun to get around by yourself; but first you have to know how. Get more transportation savvy in one of these ways.
');
INSERT into BadgeHasQuest VALUES(4009,40091);
INSERT into BadgeRequirements VALUES(400911,'Get a bike ready to ride','\"Get a bike ready to ride. Ask a bike expert to help you go through all of these parts of the bike. Use the bike safety checklist at right. FOR MORE FUN: Take a short bike trip. Speak to your family about whether you need to bring an adult along-and be sure to wear a helmet; and review the rules of the road before you go!\"
');
INSERT into BadgeQuestHasRequirements VALUES(40091,400911);
INSERT into BadgeRequirements VALUES(400912,'Help take care of a car','Help take care of a car. With a parent or car-smart adult; go over all the lights and gauges on the dashboard and what they mean. Then look under the hood for a safety check. Follow the checklist at right and see if the car is ready for an adventre.
');
INSERT into BadgeQuestHasRequirements VALUES(40091,400912);
INSERT into BadgeRequirements VALUES(400913,'Use public transportation','\"Use public transportation. Figure out how you\'d run an errand or get to the nearest shopping center using buses; trains; or subways. Map out which bus or train you\'d take; how long it would take to get there; and how much it would cost. Then; with an adult; test out the route. FOR MORE FUN: Think of a place you\'ve always wanted to visit; and plan how you might get there. Plane; train; or car? How much would it cost?\"
');
INSERT into BadgeQuestHasRequirements VALUES(40091,400913);
INSERT into BadgeQuests VALUES(40092,'Make your clothes look great','Part of being independent is taking charge of your wardrobe.
');
INSERT into BadgeHasQuest VALUES(4009,40092);
INSERT into BadgeRequirements VALUES(400921,'Become a laundry expert','\"Become a laundry expert. To be gashionable; you need clothes to wear! Get familiar with the machines; how to get out stains; and how to wash and dry different kinds of fabrics (look on clothing tags for tips about each item). Then be your family\'s helper and do three or more loads for practice. FOR MORE FUN: Create a family quiz and try to stump them all with your super laundry skills. Look on the next page for some quiz-question ideas.\"
');
INSERT into BadgeQuestHasRequirements VALUES(40092,400921);
INSERT into BadgeRequirements VALUES(400922,'Learn two basic sewing skills-and','\"Learn two basic sewing skills-and use them as a fashion designer. The coolest clothes are totally original-and something you make yourself is always original. Ask an expert to help you learn to sew on a button; patch; or to do a basic hand stitch. Then use your new skills to decorate old jeans; a T-shirt; or a sweater.  FOR MORE FUN: Have a fashion show with friends to show off your designs.\"
');
INSERT into BadgeQuestHasRequirements VALUES(40092,400922);
INSERT into BadgeRequirements VALUES(400923,'Try on the role of clothes','\"Try on the role of clothes-organization guru. Find a book or website with tips on organizing space; and use them to organize your closet (or the area where you keep your clothes). You might sort by color or length; make a shoe rack; use labeled clear plastic boxes or shoe boxes to hold different kinds of items (or accessories); decorate hangers...the ideas are endless. FOR MORE FUN: Do some \"\"design consulting\"\" by helping a friend organize her clothes; and ask her to consult for you.\"
');
INSERT into BadgeQuestHasRequirements VALUES(40092,400923);
INSERT into BadgeQuests VALUES(40093,'Break a bad habit','Part of being more independent is practicing good habits. Work on changing one bad habit-experts say it takes two weeks to create a new one to replace it. Choose a habit you have and want to work on from one of the categories; and follow the steps to change it.
');
INSERT into BadgeHasQuest VALUES(4009,40093);
INSERT into BadgeRequirements VALUES(400931,'At school','At school. Habits like putting schoolwork off until the last minute; forgetting to study for a quiz; or being disorganized when bringing schoolwork to and from home.
');
INSERT into BadgeQuestHasRequirements VALUES(40093,400931);
INSERT into BadgeRequirements VALUES(400932,'At home','At home. Habits like forgetting to brush your teeth; not putting away clothes; arguing with siblings; or eating too much junk food.
');
INSERT into BadgeQuestHasRequirements VALUES(40093,400932);
INSERT into BadgeRequirements VALUES(400933,'With your friends','With your friends. Habits like being bossy with your friends; talking too much about yourself; or interrupting when your friend is talking.
');
INSERT into BadgeQuestHasRequirements VALUES(40093,400933);
INSERT into BadgeQuests VALUES(40094,'Help around the house','A huge part of being independent is taking care of where you live. Plus; your home gives you a place to stay; so you should give it some attention. Pick one of the choices below; get an adult to help you; and give it a try.
');
INSERT into BadgeHasQuest VALUES(4009,40094);
INSERT into BadgeRequirements VALUES(400941,'Solve a pesky plumbing problem','\"Solve a pesky plumbing problem. Watch how your toilet works by taking the lid off the tank and flushing. Learn how to fix a running toilet. Then have someone show you how to use a plunger if the toilet gets clogged.FOR MORE FUN: Find the number of a good plumber to help with more complicated problems.\"
');
INSERT into BadgeQuestHasRequirements VALUES(40094,400941);
INSERT into BadgeRequirements VALUES(400942,'Clean to the beat','\"Clean to the beat. With a group of friends; brainstorm all the tasks involved in cleaning a room (like dusting; vacuuming; and cleaning windows or mirrors). Figure out how long each task takes on average and what\'s the best order to do them. Then; put it all to music-make up or find a song that will help each task go by in a flash. Last; use your mix to clean a room together-your meeting place; a bedroom; or a family space. FOR MORE FUN: Add some dance moves; too-maybe you can create a \"\"dust bunny\"\" jive?\"
');
INSERT into BadgeQuestHasRequirements VALUES(40094,400942);
INSERT into BadgeRequirements VALUES(400943,'Hang something up','Hang something up.Whether it\'s artwork; a poster; a framed portrait; or a shelf; independent girls should know how to hang fun stuff on the wall. Find out what type of fastener is best for the wall -- putty; hook; double-sided tape; push pins or nail -- and hang something. (Hint: You\'ll need to know what the walls are made of.)
');
INSERT into BadgeQuestHasRequirements VALUES(40094,400943);
INSERT into BadgeQuests VALUES(40095,'Show off your independence','Now that you\'ve been working on being more independent for a few weeks; you\'re ready to be responsible for yourself. Check with your family when choosing an activity - you may need to adjust a choice based on family rules.
');
INSERT into BadgeHasQuest VALUES(4009,40095);
INSERT into BadgeRequirements VALUES(400951,'Stay home alone','Stay home alone. Hang out at home for a few hours while your family is gone. Before they go; talk about who you should call in an emergency and rules of the house. You could use the quiet time to de-stress or watch a movie; or play your favorite music and make up an independence dance.
');
INSERT into BadgeQuestHasRequirements VALUES(40095,400951);
INSERT into BadgeRequirements VALUES(400952,'Run a family errand','Run a family errand. Part of being independent is letting others know they can depend on you. Show you\'re dependable by mastering an errand. You could make a grocery list; then have a parent drop you off to shop and pick you up when you\'re done-or ask them to spend time at a place close by while you do the errand.
');
INSERT into BadgeQuestHasRequirements VALUES(40095,400952);
INSERT into BadgeRequirements VALUES(400953,'Go out with a friend','Go out with a friend. Go out to see a movie or eat a meal. If you\'re aren\'t yet allowed to go alone; see if you might be allowed to sit by yourselves and order by yourselves. Then figure out what kind of money is needed to pay and tip; and how much change you should get.
');
INSERT into BadgeQuestHasRequirements VALUES(40095,400953);
INSERT into Badges VALUES(4010,'Gecacher');
INSERT into BadgeQuests VALUES(40101,'Prepare for your adventure','\"The goal of a geocaching adventure is to find a geocache; or hidden treasure box. You\'ll use GPS \"\"clues\"\" to uncover treasures that most people don\'t know exist. There are over one million hidden geocaches all over the world! Before you get started; get expert information. See the sidebar for good questions to answer.\"
');
INSERT into BadgeHasQuest VALUES(4010,40101);
INSERT into BadgeRequirements VALUES(401011,'\"With an adult','\"With an adult; visit an official geocaching site. It might be www.geocaching.com or www.navicache.com FOR MORE FUN: Get the geocaching slang! Find out what these different terms mean: FTF; waypoint; CITO; TFTC; terrain rating.\"
');
INSERT into BadgeQuestHasRequirements VALUES(40101,401011);
INSERT into BadgeRequirements VALUES(401012,'Invite a geocacher to talk to you','\"Invite a geocacher to talk to you about their adventures. Perhaps you can ask an older Girl Scout? FOR MORE FUN: Brainstorm new activities that would use a GPS receiver. Make a cool ad that describes your new sport and encourages others to join up.\"
');
INSERT into BadgeQuestHasRequirements VALUES(40101,401012);
INSERT into BadgeRequirements VALUES(401013,'Attend a geocaching event','Attend a geocaching event. Talk to the adventurers themselves. You might ask; What\'s the coolest thing you\'ve ever found in a geocache? How long have you been geocaching?
');
INSERT into BadgeQuestHasRequirements VALUES(40101,401013);
INSERT into BadgeQuests VALUES(40102,'Learn to use a GPS receiver','\"To find your way to a hidden geocache; you need to zero in on its \"\"coordinates.\"\" Coordinates are measurements called longitute and latitude. Longitude is hwere something is on earth east to west. Latitude is where it is between the North Pole and South Pole. Where these two meet gives an exact location. Practice!\"
');
INSERT into BadgeHasQuest VALUES(4010,40102);
INSERT into BadgeRequirements VALUES(401021,'Find the GPS coordinates of three','Find the GPS coordiantes of three things. They could be a neighborhood stop sign; a mark on the sidewalk; and your favorite tree.
');
INSERT into BadgeQuestHasRequirements VALUES(40102,401021);
INSERT into BadgeRequirements VALUES(401022,'Hide an item for a friend to find','Hide an item for a friend to find. Give them the GPS coordinates of the item; and help them if they get stuck. Then have them hide an item for you to find.
');
INSERT into BadgeQuestHasRequirements VALUES(40102,401022);
INSERT into BadgeRequirements VALUES(401023,'Go on a photo hunt','\"Go on a photo hunt. Ask an adult to take photos of three things along a safe route-perhaps a mailbox; a flower; and a street sign. The adult should give you the photos in the order they appear along the route plus the coordinates for each. With your Girl Scout friends; go out and find the things in the photos! FOR MORE FUN: Make it a challenge-ask for two sets of photos along the same route; and see who can find all her targets first.\"
');
INSERT into BadgeQuestHasRequirements VALUES(40102,401023);
INSERT into BadgeQuests VALUES(40103,'Make a trade item','Before you start out on an adventure; you need to carry an item that you\'ll leave at the geocache. This item has to be small enough to fit inside the box and should not be expensive. Some common items are sports trading cards and small toys.
');
INSERT into BadgeHasQuest VALUES(4010,40103);
INSERT into BadgeRequirements VALUES(401031,'Make something that represents','Make something that represents Girl Scouts. Is there a symbol of something that your group did together? It might be a patch or a SWAP? Or you could create an object that inspires others to Take Action; like a list of recycling tips.
');
INSERT into BadgeQuestHasRequirements VALUES(40103,401031);
INSERT into BadgeRequirements VALUES(401032,'Make a piece of jewelry','Make a piece of jewelry. Why not make a prize for someone to wear? Knot a friendship bracelet or work with charms to make a bangle. (Need more inspiration? Try the Jewelry badge!)
');
INSERT into BadgeQuestHasRequirements VALUES(40103,401032);
INSERT into BadgeRequirements VALUES(401033,'Make something that represents','Make something that represents you. You could make a drawing; a collage of magazine pictures; or a painted seashell. To be safe; don\'t leave personal photos of any kind.
');
INSERT into BadgeQuestHasRequirements VALUES(40103,401033);
INSERT into BadgeQuests VALUES(40104,'Go on a geocaching adventure','Now it\'s tiem to get out there and find a geocache! With an adult; log on to a geocaching website and create a screen name for yourself or your group. Find out how many geocaches are within a 25-mile radius of where you are. Then pick a choice to help you decide which geocache to go after-and how to plan your Adventure Day!
');
INSERT into BadgeHasQuest VALUES(4010,40104);
INSERT into BadgeRequirements VALUES(401041,'Make it a hiking adventure','Make it a hiking adventure. Get out of your community and into the wild. Track down a cache that is a little bit off the beaten trail. Maybe you can explore a new place you have always wanted to visit; and pack a picnic!
');
INSERT into BadgeQuestHasRequirements VALUES(40104,401041);
INSERT into BadgeRequirements VALUES(401042,'Take a multi-cache adventure','Take a multi-cache adventure. They can be a little more work; but twice the fun. (See the sidebar to find out what a multi-cache is.) Could you bring a special snack to munch when you find each geocache?
');
INSERT into BadgeQuestHasRequirements VALUES(40104,401042);
INSERT into BadgeRequirements VALUES(401043,'Go on a themed adventure','\"Go on a themed adventure. Some geocaches are themed; from the clues to the container to the prizes inside. See if you can find a geocache that has a theme-it may be about a movie or an animal. FOR MORE FUN: Wear costumes on your search that go with the theme. (Make sure they\'re practical if you\'ll be romping through the woods!)\"
');
INSERT into BadgeQuestHasRequirements VALUES(40104,401043);
INSERT into BadgeQuests VALUES(40105,'Take part in a bug\'s travels!','\"A Travel Bug ® travels from cache to cache-sometimes all across the world. Each bug wears a \"\"tag\"\" with a special number. When you enter the number on geocaching.com; you can see where the bug has gone. (Whoever hides the bug decides where they want it to travel; called a goal. When a geocacher finds the bug in a cache; they move the bug to help it reach the goal.)\"
');
INSERT into BadgeHasQuest VALUES(4010,40105);
INSERT into BadgeRequirements VALUES(401051,'Make a bug go around the world','\"Make a bug go around the world. Get a Travel Bug ® (see sidebar for instructions); and make it sgoal international travel. You could write \"\"Please take me to the Great Wall of China\"\" or \"\"This bug would like to take a tour of London.\"\" FOR MORE FUN: Attach your Travel Bug ® to a small stuffed animal or doll. What about a doll you make yourself?\"
');
INSERT into BadgeQuestHasRequirements VALUES(40105,401051);
INSERT into BadgeRequirements VALUES(401052,'Have your bug follow the girls','\"Have your bug follow the girls! Hide a bug with the goal to travel to Girl Scout or Girl Guide places around the country or the world. Your instructions could be \"\"I would like to make it to Our Chalet in Switzerland\"\" or \"\"I would like to be found by Girl Scouts in Georgia.\"\"\"
');
INSERT into BadgeQuestHasRequirements VALUES(40105,401052);
INSERT into BadgeRequirements VALUES(401053,'Track a bug\'s travels','\"Track a bug\'s travels. Go to geocaching.com and find a Travel Bug ® that\'s been to at least four places. On an existing map (or a map you draw); chart the bug\'s voyage. What can you find out about each area it\'s visited? FOR MORE FUN: See if you can find a geocache with a Travel Bug ® in it. Track your find online; then help the bug reach its goal!\"
');
INSERT into BadgeQuestHasRequirements VALUES(40105,401053);
INSERT into Badges VALUES(4011,'Animal Habitats');
INSERT into BadgeQuests VALUES(40111,'Find out about wild animals','Wild animals may seem very different from your pets at home; but at one time; all animals were wild!
');
INSERT into BadgeHasQuest VALUES(4011,40111);
INSERT into BadgeRequirements VALUES(401111,'Observe a pet or tame animal','Observe a pet or tame animal (like a farm animal) for at least 15 minutes. Write at least three things about how it behaves. Then watch a show about an animal related to the one you observed. (If you watched a dog; you might watch a show about wolves.) Which behaviors do the wild and tame animal share? Which are different?
');
INSERT into BadgeQuestHasRequirements VALUES(40111,401111);
INSERT into BadgeRequirements VALUES(401112,'Make a skit or puppet show about','Make a skit or puppet show about the wild animals at a campground or on the trail. Include what to do if you encounter them so that both you and the animals stay safe!
');
INSERT into BadgeQuestHasRequirements VALUES(40111,401112);
INSERT into BadgeRequirements VALUES(401113,'\"List wild animals near your home','List wild animals near your home; meeting place; or school. Survey the area with an adult and your Junior friends. Then pick three animals you saw and learn more about each one. Why do they live here? Do they interact with humans?
');
INSERT into BadgeQuestHasRequirements VALUES(40111,401113);
INSERT into BadgeQuests VALUES(40112,'Investigate an animal habitat','One habitat can contain lots of different animals-you might think of it as a city in the wild kingdom. Team up with an adult to visit one.
');
INSERT into BadgeHasQuest VALUES(4011,40112);
INSERT into BadgeRequirements VALUES(401121,'Visit a zoo or animal sanctuary','\"Visit a zoo or animal sanctuary. When there; choose a particular habitat; like a beach; jungle or desert. With help from the staff; answer these questions for each of five animals that live in the habitat. žWhat country is the animal naturally found in? žHow does its fur or skin help the animal live in this habitat? žHow does it stay clean? žHow does it get around in this habitat? žWhat kind of food can it find in this habitat?\"
');
INSERT into BadgeQuestHasRequirements VALUES(40112,401121);
INSERT into BadgeRequirements VALUES(401122,'Explore an animal habitat near','Explore an animal habitat near where you live. It could  be part of a park; forest; beach; or desert. Figure out what the animals you see have in common. First; make a list of each one\'s features. Circle the things the animals share; then trade ideas about why they have each feature with your friends. Some features you might list: type of fur or skin; paw; tail; and coloring; kind of legs; mouth; and ears.
');
INSERT into BadgeQuestHasRequirements VALUES(40112,401122);
INSERT into BadgeRequirements VALUES(401123,'Make a habitat collage','Make a habitat collage. Scientists use habitats to group animals by things they all share. Cut out 15-20 pictures of wild animals from old magazines. Group the animals by habitat. Then group them by how they look; how they move; or how they bear their young. Did your groups change? Discuss the groupings with your Junior friends-and make up ways to group animals.
');
INSERT into BadgeQuestHasRequirements VALUES(40112,401123);
INSERT into BadgeQuests VALUES(40113,'Create an animal house','You\'ve watched how animals use their habitats and thought about why the live in that area-now take a look at the houses they build in their habitats. Each habitat has unique challenges for animal builders!
');
INSERT into BadgeHasQuest VALUES(4011,40113);
INSERT into BadgeRequirements VALUES(401131,'Check out baby-animal habitats','\"Check out baby-animal habitats. Find out how different animal parents care for their babies and make \"\"homes\"\" for them. You could read about how emperor penguins hold a chick under a special flap in chilly Arctic temperatures; or how an orangutan mother builds new nests for her and her baby every day. Draw or paint a picture of your favorite animal pair. FOR MORE FUN: Use a computer program to turn your picture into a screensaver; and add a fun fact about the animals to share with family or friends who use that computer.\"
');
INSERT into BadgeQuestHasRequirements VALUES(40113,401131);
INSERT into BadgeRequirements VALUES(401132,'Make your own animal house','\"Make your own animal house. Meerkats live in large underground burrows with several entrances. Beavers make dome-shaped homes called lodges with branches and mud-and they usually have an underwater entrance. Research these animal homes and try sketching your own meerkat burrow or building your own beaver lodge from sticks and mud. Share your \"\"home\"\" with others and explain how and why it works.\"
');
INSERT into BadgeQuestHasRequirements VALUES(40113,401132);
INSERT into BadgeRequirements VALUES(401133,'\"Insulate your own \"\"nest.\"\"\"','\"Insulate your own \"\"nest.\"\" Many animals use insulation to keep their homes cool in hot temperatures or warm in the cold. They may line a nest with feathers or burrow into snow or mud to hold in body heat. Try the experiment in the sidebar to see how insulation in a nest works.\"
');
INSERT into BadgeQuestHasRequirements VALUES(40113,401133);
INSERT into BadgeQuests VALUES(40114,'Explore endangered habitats','\"When the animals no longer have their habitat; they have to adapt to a new place to live. Some animals can\'t change; and end up becoming endangered. Answer these questions about one of the endangered animal habitats below. žWhy is it in danger? žWhat is happening to the animals? žWhat are people doing to help the habitat? žAre the animals able to adapt?\"
');
INSERT into BadgeHasQuest VALUES(4011,40114);
INSERT into BadgeRequirements VALUES(401141,'The Artic Circle','
');
INSERT into BadgeQuestHasRequirements VALUES(40114,401141);
INSERT into BadgeRequirements VALUES(401142,'The Gulf of Mexico','
');
INSERT into BadgeQuestHasRequirements VALUES(40114,401142);
INSERT into BadgeRequirements VALUES(401143,'The Amazon rain forest','
');
INSERT into BadgeQuestHasRequirements VALUES(40114,401143);
INSERT into BadgeQuests VALUES(40115,'Help protect animal habitats','You can take steps to help protect animals\' homes and prevent them from becoming endangered.
');
INSERT into BadgeHasQuest VALUES(4011,40115);
INSERT into BadgeRequirements VALUES(401151,'Wildlife awareness party','\"Wildlife awareness party. Choose an endangered animal-maybe one that shares something with you. (Are you a great swimmer like a jaguar? Do you have long arms like a spider monkey?) Then dress up like the animal for a party with your Junior friends; and tell your story: where you live; why your home is endangered; and how others can help. If there\'s an organization that protects your habitat; share its name and mission. It\'s a party because it\'s positive: The more you know about how to help; the more you can do! FOR MORE FUN: Invite younger Girl Scouts to your party.\"
');
INSERT into BadgeQuestHasRequirements VALUES(40115,401151);
INSERT into BadgeRequirements VALUES(401152,'Create a backyard habitat','Create a backyard habitat. Get permission from your family to make a habitat in your yard; or ask a school; neighbor; or someone who owns land nearby to allow you to create one. Research and then carry out a landscape plan that is best for wildlife in teh area. Record the wildlife you attract and their behavior. (The Audobon Society has some good resources to get you started.)
');
INSERT into BadgeQuestHasRequirements VALUES(40115,401152);
INSERT into BadgeRequirements VALUES(401153,'Help clean up an animal habitat','Help clean up an animal habitat. Many times trash and litter destroy animal habitats and harm animals. With your Girl Scout sisters; ask an expert to recommend an area that needs cleaning-it could be the woods; a stream; a beach; or a city park. Get permission to spend a few hours making it nicer for our animal friends.
');
INSERT into BadgeQuestHasRequirements VALUES(40115,401153);
INSERT into Badges VALUES(4012,'Playing the Past');
INSERT into BadgeQuests VALUES(40121,'Decide who you are','Pick your time period and do a little research. What did girls do? What did they like? Then use one of the choices to come up with the details of your character\'s life.
');
INSERT into BadgeHasQuest VALUES(4012,40121);
INSERT into BadgeRequirements VALUES(401211,'Write her diary','Write her diary. Pretend to be your character and write a week\'s diary about your daily life.
');
INSERT into BadgeQuestHasRequirements VALUES(40121,401211);
INSERT into BadgeRequirements VALUES(401212,'Write a speech for your character','\"Write a speech for your character. If she could have gotten up and spoken her mind; what would she have said-and who would she have said it to? Pick a scenario and write her words. FOR MORE FUN: Perform it for an audience!\"
');
INSERT into BadgeQuestHasRequirements VALUES(40121,401212);
INSERT into BadgeRequirements VALUES(401213,'Play a game of 20 questions','Play a game of 20 questions. If your character actually existed; have a partner try to guess who she is or what time period she is from by asking you questions. Then tell her all about the character.
');
INSERT into BadgeQuestHasRequirements VALUES(40121,401213);
INSERT into BadgeQuests VALUES(40122,'Create a costume','Now it\'s time to work on your look. Create a costume that matches your character\'s lifestyle and time period. If a specific part of the outfit (such as an extra-long skirt) serves a particular purpose or function; find out what it is.
');
INSERT into BadgeHasQuest VALUES(4012,40122);
INSERT into BadgeRequirements VALUES(401221,'Do it yourself','\"Do it yourself. Stitch your own outfit; or make one from a pattern (ask an adult for help if you need it). Or visit a thrift shop to find clothing to decorate. FOR MORE FUN: Add a hairdo! Style your hair for your time period; too.\"
');
INSERT into BadgeQuestHasRequirements VALUES(40122,401221);
INSERT into BadgeRequirements VALUES(401222,'Make two or three accessories','Make two or three accessories. What kinds of decorations did girls wear in your time period? Pick something to re-create. This could be a hat; necklace of fake jewels; or a lady knight\'s shield.
');
INSERT into BadgeQuestHasRequirements VALUES(40122,401222);
INSERT into BadgeRequirements VALUES(401223,'Draw it out','\"Draw it out. Sketch and label a typical outfit as if you were a fashion designer from the era. FOR MORE FUN: Make a simple doll from paper (or use a doll you have) and make the outfit for her to wear.\"
');
INSERT into BadgeQuestHasRequirements VALUES(40122,401223);
INSERT into BadgeQuests VALUES(40123,'Experience daily life','Immerse yourself in your character\'s time period. Think about what her lifestyle would have been like; and live it out. This is yoru chance to spend a day seeing the world through your character\'s eyes.
');
INSERT into BadgeHasQuest VALUES(4012,40123);
INSERT into BadgeRequirements VALUES(401231,'What are your chores/duties','What are your chores/duties? Take one on. You might hand-dip candles; churn butter in a jar; embroider a sampler; or make a doll.
');
INSERT into BadgeQuestHasRequirements VALUES(40123,401231);
INSERT into BadgeRequirements VALUES(401232,'Food and meals','Food and meals. Research a recipe and make a typical dish a girl from that period might have prepared for her family.
');
INSERT into BadgeQuestHasRequirements VALUES(40123,401232);
INSERT into BadgeRequirements VALUES(401233,'Home Sweet Home','Home Sweet Home. Where would you have lived? Create a model of your character\'s home-you might make a teepee or Mongolian yurt (a kind of tent) or draw and label the parts of a castle.
');
INSERT into BadgeQuestHasRequirements VALUES(40123,401233);
INSERT into BadgeQuests VALUES(40124,'Have some old-fashioned fun','Every girl has a favorite game. Find out what kinds of things girls in your chosen time period did for fun; then try out an activity yourself.
');
INSERT into BadgeHasQuest VALUES(4012,40124);
INSERT into BadgeRequirements VALUES(401241,'Make music','Make music. Find out what sounds were popular in your day and share them with others. You could look up sheet music and sing or play a song; make an instrument; or even compose something.
');
INSERT into BadgeQuestHasRequirements VALUES(40124,401241);
INSERT into BadgeRequirements VALUES(401242,'Play a game-or two','Play a game-or two. What kinds of parlor or party games existed?Make a board game or play cards in a style popular for the times. What sorts of outside games were played? Gather your friends and try one.
');
INSERT into BadgeQuestHasRequirements VALUES(40124,401242);
INSERT into BadgeRequirements VALUES(401243,'Create art','Create art. What types of art were popular? Sculpt something from clay; do a painting or drawing in a period-appropriate style; or try out a dance from your era.
');
INSERT into BadgeQuestHasRequirements VALUES(40124,401243);
INSERT into BadgeQuests VALUES(40125,'Become your character','Now; act as your character. Wear your costume and plan to share one thing about your life. You could teach some friends a game you learned; share the food you made with your family; or tell anything else you can dream up to other Girl Scout Juniors or classmates at school.
');
INSERT into BadgeHasQuest VALUES(4012,40125);
INSERT into BadgeRequirements VALUES(401251,'Make your own event','Make your own event. Maybe each girl is a character from Little Women by Louisa May Alcott; and you celebrate Amy\'s wedding. Or perhaps you can set up a medieval feast; pioneer day at the park; or a big dance typical of the time period. If you\'re from different eras; make it a living-history jamboree-could you each have a booth to represent your era?
');
INSERT into BadgeQuestHasRequirements VALUES(40125,401251);
INSERT into BadgeRequirements VALUES(401252,'Have a living-history party','Have a living-history party. Get together with your group and have everyone share their characters. Or be the star yourself; and bring the era to life for friends or family.
');
INSERT into BadgeQuestHasRequirements VALUES(40125,401252);
INSERT into BadgeRequirements VALUES(401253,'Attend a history-oriented event in','Attend a history-oriented event in your town. Local historical museums and libraries sometimes host events that celebrate the past. Many cities have yearly Renaissance fairs; and some places stage reenactments of historical events. See if you can find one in your era; and make this badge a way to get yourself ready to attend.
');
INSERT into BadgeQuestHasRequirements VALUES(40125,401253);
INSERT into Badges VALUES(4013,'Product Designer');
INSERT into BadgeQuests VALUES(40131,'Observe what makes a great','Every day; we rely on a lot of things to make our lives easier; like school buses; chairs; and shoes. Some of these products we love; and some we dislike. So what makes a product great? Pick one choice to choose a product. Then make a callout chart like the one for the backpack. Label the parts of the product; then call out five things that make it great and five things you want to change.
');
INSERT into BadgeHasQuest VALUES(4013,40131);
INSERT into BadgeRequirements VALUES(401311,'Choose a product you use at school','Choose a product you use at school. It might be your desk; a pen; or a notebook.
');
INSERT into BadgeQuestHasRequirements VALUES(40131,401311);
INSERT into BadgeRequirements VALUES(401312,'Choose a product from a hobby','Choose a product from a hobby. Whether you\'re a soccer star; play the flute; or love to read books; your hobby likely uses some equipment.
');
INSERT into BadgeQuestHasRequirements VALUES(40131,401312);
INSERT into BadgeRequirements VALUES(401313,'Choose a home product','Choose a home product. It might be a sponge used to wash dishes; a rake used for leaves in the yard; or the TV in the living room.
');
INSERT into BadgeQuestHasRequirements VALUES(40131,401313);
INSERT into BadgeQuests VALUES(40132,'Be an innovation detective','It\'s not always easy to tell why a product works and why it doesn\'t. Observing people using the product can be the best way to figure it out. If using a part of the product is difficult; it could be a sign that the product needs innovation!
');
INSERT into BadgeHasQuest VALUES(4013,40132);
INSERT into BadgeRequirements VALUES(401321,'Observe','Observe. Watch a friend or family member use a product; and jot down at least five things they do. For example; does a shopping cart always seem to be struck to the cart in front of it when you pull on it at the supermarket? Then try the product yourself and write down your reactions.
');
INSERT into BadgeQuestHasRequirements VALUES(40132,401321);
INSERT into BadgeRequirements VALUES(401322,'Interview','Interview. Ask a friend or family member how they use their favorite product. Find out what they like; what they don\'t like; and whether they sometimes use another product to do the same thing. For example; if your grandfather loves his cassette player; find out if he uses an MP3 player sometimes and why. Next; use the product and write down your reactions.
');
INSERT into BadgeQuestHasRequirements VALUES(40132,401322);
INSERT into BadgeRequirements VALUES(401323,'Photograph','Photograph. Take pictures of a friend; family member; or neighbor using a product. If they\'re using a backpack. How are they taking it off and on? How do they put their things inside? How do they close it? Write down actions that seem odd or surprising. Then try the product and list your reactions in your notebook.
');
INSERT into BadgeQuestHasRequirements VALUES(40132,401323);
INSERT into BadgeQuests VALUES(40133,'Figure out what\'s working and','Figure out what\'s working and what\'s not. When you tie your shoes; you probably do things in the same order each time. You have to put the shoes on; then lace them up; then tie the laces. If you tie the laces before you put on the shoes; it just won\'t work! Innovators study every step of how people use products to uncover and solve problems.
');
INSERT into BadgeHasQuest VALUES(4013,40133);
INSERT into BadgeRequirements VALUES(401331,'Step by step','Step by step. Watch a friend or family member using a product; and write down their actions step by step. For example; if an adult is driving a car; what do they do first? Do they put on their seat belt; then put the car in gear; and then turn the ignition key? circle or mark the steps they had trouble with.
');
INSERT into BadgeQuestHasRequirements VALUES(40133,401331);
INSERT into BadgeRequirements VALUES(401332,'Draw the product','Draw the product. Label each part of the product; what it\'s for; and how it\'s used. For example; a backpack has a handle for carrying by hand; but some people also clip pens to it. Sometimes problems occur when a part is used differently from how it\'s meant to be used. Mark the areas where the user had trouble or make an adjustment to make it work for them.
');
INSERT into BadgeQuestHasRequirements VALUES(40133,401332);
INSERT into BadgeRequirements VALUES(401333,'Analyze a group of products','Analyze a group of products. Often; existing products all address the same problem-or overlook it. Collect at least five similar products; and compare them. For example; if you picked cereal boxes; you might find that some cereals offer vitamins; and others seem more like dessert. What does that tell you about the problems that cereals solve? Now write down two problems the products solve; and two problems that have been overlooked.
');
INSERT into BadgeQuestHasRequirements VALUES(40133,401333);
INSERT into BadgeQuests VALUES(40134,'Innovate to find solutions','Choose the product you looked at in steps 1;2; and 3 that could use the most improvement. If you found more than one problem with the product; pick one to focus on. Try one of these activities to come up with as many solutions as you can.
');
INSERT into BadgeHasQuest VALUES(4013,40134);
INSERT into BadgeRequirements VALUES(401341,'From terrible to terrific','\"From to terrible to terriffic! Sometimes coming up with the wrong way to solve a problem can help get to the right way. Jot down or draw five ways to make your product\'s problem worse! Now look at each \"\"wrong\"\" idea and jot down or draw the oppsite idea. For example; a terrible backpack might have thin straps that dig into the wearer\'s shoulders; but a terriffic backpack has wide; cushy straps.\"
');
INSERT into BadgeQuestHasRequirements VALUES(40134,401341);
INSERT into BadgeRequirements VALUES(401342,'Troubleshoot','Troubleshoot. Troubleshooting is searching for the cause of a problem so you can fix it. Try to identify what\'s causing trouble with your product and brainstorm five ideas to make that part better. If your problem is that everything in your backpack gets mixed up; troubleshoot by finding ways to make more or better compartments.
');
INSERT into BadgeQuestHasRequirements VALUES(40134,401342);
INSERT into BadgeRequirements VALUES(401343,'\"Fire the product','Fire the product; keep the job! Every product has a job to do. A backpack\'s job is to transport your books. Instead of using a backpack; someone could use a suitcase; a horse; or a helpful friend! Come up with five ways to get the job done without your product. These will get you thinking about your product differently.
');
INSERT into BadgeQuestHasRequirements VALUES(40134,401343);
INSERT into BadgeQuests VALUES(40135,'Mess up so you can try again','When making a product better; coming up with ideas is only the first step. Innovators aren\'t worried when their ideas aren\'t perfect; because the best products are developed over time; with lots of feedback from people who use them. Here; pick your best idea and find out why it doesn\'t work perfectly. Then; keep innovating!
');
INSERT into BadgeHasQuest VALUES(4013,40135);
INSERT into BadgeRequirements VALUES(401351,'Draw your idea','Draw your idea. Draw how your idea solves the problem and makes the product easier and better than it was before. Call out the parts as you did in step 1. Then ask a friend; family member; or neighbor what they think. Do they think it\'ll work? Update your drawing to include their feedback.
');
INSERT into BadgeQuestHasRequirements VALUES(40135,401351);
INSERT into BadgeRequirements VALUES(401352,'Build a prototype','Build a prototype. A prototype is what innovators call a 3D model. Using cardboard; paper; dough; fabric; or other appropriate material; build a model of what your idea would look like and how it would work. Ask a group for feedback then modify your prototype with their suggestions.
');
INSERT into BadgeQuestHasRequirements VALUES(40135,401352);
INSERT into BadgeRequirements VALUES(401353,'Make your change on the original','\"Make your change on the original product or a similar product. Test it out yourself; then demonstrate how it works to a parent; friend; or Girl Scout sister. Do they think the product is improved? What changes would they make? Draw what you\'d change about the product based on their feedback. FOR MORE FUN: Take photos of people using your product for your notebook!\"
');
INSERT into BadgeQuestHasRequirements VALUES(40135,401353);
INSERT into Badges VALUES(4014,'Social Butterfly');
INSERT into BadgeQuests VALUES(40141,'Hold a conversation','It\'s easy to have a conversation with your best friend; but what about people you don\'t know very well? Conversation skills will help you in your job one day and make you seem more open to new friends! Try one of these to help you have conversations with ease.
');
INSERT into BadgeHasQuest VALUES(4014,40141);
INSERT into BadgeRequirements VALUES(401411,'Practice conversation starters','\"Practice conversation starters. First; make a list of 10 great questions to start a conversation. Think about the different situations you might have: with one new person; a group of new people; or an adult friend of your parents\'.  Then role-play with your questions to practice starting and continuing a conversation. FOR MORE FUN: Make a list of the questions to keep in your backpack; so you can look over them when you\'re around new people.\"
');
INSERT into BadgeQuestHasRequirements VALUES(40141,401411);
INSERT into BadgeRequirements VALUES(401412,'Invite an expert to come talk about','Invite an expert to come talk about conversations. Some people specialize in helping people talk to one another. Ask a psychologist; motivational speaker; life coach or other knowledgeable person to show you how to introduce yourself and begin a conversation in different situations.
');
INSERT into BadgeQuestHasRequirements VALUES(40141,401412);
INSERT into BadgeRequirements VALUES(401413,'Make a poster with 10 conversation','Make a poster with 10 conversation tips. Look in books; online; or in magazines. Remember; body language is an important part of conversation; too. Some of your tips can be about smiling and other friendly gestures that can help everyone feel at ease. Then; hang your poster in a good sharing place.
');
INSERT into BadgeQuestHasRequirements VALUES(40141,401413);
INSERT into BadgeQuests VALUES(40142,'Use table manners','Manners can be important at mealtime. Practice feeling at ease at the table with one of these activites.
');
INSERT into BadgeHasQuest VALUES(4014,40142);
INSERT into BadgeRequirements VALUES(401421,'Brainstorm five things not to do at','\"Brainstorm five things not to do at the table. For each one; list a good substitution. Here\'s one to start you off: \"\"Don\'t criticize the food! Instead; find something you like about it.\"\" Pick three good table manners from your list to practice in the next two weeks.\"
');
INSERT into BadgeQuestHasRequirements VALUES(40142,401421);
INSERT into BadgeRequirements VALUES(401422,'Set the table','\"Set the table. Find out where silverware; glasses; napkins; and plates go. Make paper \"\"reminder\"\" place mats that show outlines where everything should go-one for a formal dinner; and one for a casual meal. You might make the place mats from fabric and trace your \"\"cheat sheet\"\" on the back! Then try setting the table for a week. FOR MORE FUN: With a group of your family; visit a nice restaurant and learn how a table is set for different meals.\"
');
INSERT into BadgeQuestHasRequirements VALUES(40142,401422);
INSERT into BadgeRequirements VALUES(401423,'Study table manners from other','Study table manners from other countries. In the United States; many people use a fork an dknife to eat; but in other places; it\'s more common to use chopsticks or to eat with your hands. Learn about mealtime customs from another culture; then have a meal using manners from that place.
');
INSERT into BadgeQuestHasRequirements VALUES(40142,401423);
INSERT into BadgeQuests VALUES(40143,'Be prepared for special occasions',' Coming-of-age ceremony(Coming-of-age ceremony; like a bat mitzvah; confirmation; or a quinceañera)
');
INSERT into BadgeHasQuest VALUES(4014,40143);
INSERT into BadgeQuests VALUES(40144,'Say thank you','When you receive a gift or are invited somewhere; it\'s good manners to say thank you. There are other times when thanking someone is less obvious; but just as important!
');
INSERT into BadgeHasQuest VALUES(4014,40144);
INSERT into BadgeRequirements VALUES(401441,'Thank the host','\"Thank the host. When someone has invited you over for a dinner or a party; find the host before you leave and say thanks. Tell them what you most enjoyed. Practice in a role-play or skit. FOR MORE FUN: In many places; gifts are given to the host of a party as a thank-you. Find some examples and make a host gift of your own!\"
');
INSERT into BadgeQuestHasRequirements VALUES(40144,401441);
INSERT into BadgeRequirements VALUES(401442,'Handwrite a thank-you note','\"Handwrite a thank-you note. Kind words written by hand show you took time to share your thanks. Handwrite three thank-you notes in the next month. (You might even make your own note card!) Include why you are thankful. If it\'s for a gift; tell the giver how you use it; or your favorite thing about it. FOR MORE FUN: Sometimes you receive a gift that\'s not exactly what you wanted. In the moment; it can be hard to be thankful! Do a skit about how to have good manners in that situation.\"
');
INSERT into BadgeQuestHasRequirements VALUES(40144,401442);
INSERT into BadgeRequirements VALUES(401443,'Make a thank-you gift','Make a thank-you gift. The next time you feel really thankful to someone; give a thank-you gift; like a bouquet of flowers; a drawing; or a bag of trail mix. Gifts you make yourself often have the most meaning. Think about thanking people who help you every day; like your crossing guard or a teacher. Or thank someone for a smaller gesture; like making you feel comfortable in a new situation.
');
INSERT into BadgeQuestHasRequirements VALUES(40144,401443);
INSERT into BadgeQuests VALUES(40145,'Practice being at ease','Hold a party to practice all you\'ve learned. Invite people you aren\'t that close with so you can really practice being at ease. Make introductions; make conversation; show good table manners; and thank guests for coming. Pick a group to invite from the list below; and start partying!
');
INSERT into BadgeHasQuest VALUES(4014,40145);
INSERT into BadgeRequirements VALUES(401451,'Other Girl Scouts','Other Girl Scouts. Grow your skills by inviting younger and older girls.
');
INSERT into BadgeQuestHasRequirements VALUES(40145,401451);
INSERT into BadgeRequirements VALUES(401452,'Your friends and their parents','Your friends and their parents. Make a point of chatting with some adults!
');
INSERT into BadgeQuestHasRequirements VALUES(40145,401452);
INSERT into BadgeRequirements VALUES(401453,'Everyone in your class','Everyone in your class. Think about classmates you don\'t know very well and come up with some conversation starters ahead of time.
');
INSERT into BadgeQuestHasRequirements VALUES(40145,401453);
INSERT into Badges VALUES(4015,'Drawing');
INSERT into BadgeQuests VALUES(40151,'Experiment with different materials','\"What you use to draw can have a major effect on how your picture looks-and you might find you enjoy some materials more than others! Find your favorite drawing tool-called a \"\"medium\"\"-by sketching the same still life three times; with a different medium each time. (Astill life is an object that doesn\'t move; like a bowl of fruit or a vase.)\"
');
INSERT into BadgeHasQuest VALUES(4015,40151);
INSERT into BadgeRequirements VALUES(401511,'Try black and white','Try black and white. Draw your still life three times: with black pen; black colored pencil; and charcoal or regular pencil.
');
INSERT into BadgeQuestHasRequirements VALUES(40151,401511);
INSERT into BadgeRequirements VALUES(401512,'Use color','Use color. Draw your still life three times: with colored pens; colored pencils; and crayons or pastels.
');
INSERT into BadgeQuestHasRequirements VALUES(40151,401512);
INSERT into BadgeRequirements VALUES(401513,'Mix and match','Mix and match. Draw your still life three times with any combination you\'d like. (Make each one different.) You might mix in chalk or outline color with black for a new look.
');
INSERT into BadgeQuestHasRequirements VALUES(40151,401513);
INSERT into BadgeQuests VALUES(40152,'Learn how to add shading','Shading is a major part of drawing. Think of a face-depending on the light; a person will have some areas on their face that are darker than others. Showing the dark areas is shading. It adds depth and makes the picture look more real. Try shading using one of the techniques below.
');
INSERT into BadgeHasQuest VALUES(4015,40152);
INSERT into BadgeRequirements VALUES(401521,'Draw a picture of something that','Draw a picture of something that is mostly one color. Try a snowy field or building in a city at night. They look like one color; but nature uses different shades to give things depth and set them apart. You can; too! You can blend different colors to show light and dark.
');
INSERT into BadgeQuestHasRequirements VALUES(40152,401521);
INSERT into BadgeRequirements VALUES(401522,'Use hatching and crosshatching','Use hatching and crosshatching to shade a face drawing. Hatching is drawing lines close together to make the picture look dark. In crosshatching; you make a grid with the lines. Where do you need to show more shadwo? Does hatching or crosshatching make the face look more real?
');
INSERT into BadgeQuestHasRequirements VALUES(40152,401522);
INSERT into BadgeRequirements VALUES(401523,'Use smudging to make shadows','Use smudging to make shadows in a landscape drawing. Draw a picture of an outside scene. Darken the shadow areas; then use your finger or a piece of paper and smudge the shadows. What happens after smudging? Do you like the look?
');
INSERT into BadgeQuestHasRequirements VALUES(40152,401523);
INSERT into BadgeQuests VALUES(40153,'Get some perspective','Perspective means that some objects in a picture look farther away than others. For example; if you draw a big house at the bottom of your paper and a tiny dog at the top; the dog will look like it\'s behind the house; in the distance. Try using perspective in one of these activities.
');
INSERT into BadgeHasQuest VALUES(4015,40153);
INSERT into BadgeRequirements VALUES(401531,'Draw an outdoor scene','Draw an outdoor scene. First; draw a horizon line across your page. Then; imagine you\'re standing right in front of your picture. Make the objects close to you look biggest; and draw objects smaller as they get closer to the horizon. (Look at photos of landscape for an idea of how this works!)
');
INSERT into BadgeQuestHasRequirements VALUES(40153,401531);
INSERT into BadgeRequirements VALUES(401532,'Zoom in on an object','Zoom in on an object. For example; if you want to draw a landscape scene; pretend you are looking through a camera and pressed zoom. What would you see? Draw that.
');
INSERT into BadgeQuestHasRequirements VALUES(40153,401532);
INSERT into BadgeRequirements VALUES(401533,'Take a bug\'s-eye view','Take a bug\'s-eye view. How would an object or scene look if you were a bug? Fill your paper; since a bug would see everything as super huge.
');
INSERT into BadgeQuestHasRequirements VALUES(40153,401533);
INSERT into BadgeQuests VALUES(40154,'Use your imagination like a graphic','\"Use your imagination like a graphic artist Until now; you\'ve drawn scenes from real life. A graphic artist\'s job is to communicate messages or ideas in visual form; such as creating a symbol that represents a company. Graphic artists often work on a computer. They may use a software program to design a company\'s catalog or make their website look nicer. Try drawing like a graphic artist!\"
');
INSERT into BadgeHasQuest VALUES(4015,40154);
INSERT into BadgeRequirements VALUES(401541,'Draw a new cover for your','Draw a new cover for your favorite book or music album. What do the word or lyrics mean to you? How would you show that in a drawing?
');
INSERT into BadgeQuestHasRequirements VALUES(40154,401541);
INSERT into BadgeRequirements VALUES(401542,'Draw a cartoon','\"Draw a cartoon. Make up a cartoon character. Take a look at a newspaper or go online to find some examples; then sketch the details from head to toe-including any fun clothes or extra arms or legs! FOR MORE FUN: Draw a comic strip starring your character.\"
');
INSERT into BadgeQuestHasRequirements VALUES(40154,401542);
INSERT into BadgeRequirements VALUES(401543,'Draw a logo','Draw a logo. A logo is a symbol. Businesses often have them and print them on everything from cards to stationery to T-shirts. You could make a logo that shows symbols of you and your friends or a logo that represents a Take Action project you are doing in Girl Scouts.
');
INSERT into BadgeQuestHasRequirements VALUES(40154,401543);
INSERT into BadgeQuests VALUES(40155,'Make your masterpiece-and show','\"Make your masterpiece-and show it off! Use all your new skills to create a masterpiece. Choose your favorite materials; and use shading; perspective; and your imagination-even if you\'re drawing from real life. Then take all your drawings from this badge and do one of the choices.\"
');
INSERT into BadgeHasQuest VALUES(4015,40155);
INSERT into BadgeRequirements VALUES(401551,'Host an art show at a group','Host an art show at a group meeting. Hang your drawings and talk about how you drew them. You could also have other Girl Scout sisters display their art; and invite family for a group showcase.
');
INSERT into BadgeQuestHasRequirements VALUES(40155,401551);
INSERT into BadgeRequirements VALUES(401552,'Host an art gallery party at','\"Host an art gallery party at home. In a museum or gallery; when a new artist shows off her work; it\'s called an \"\"art opening.\"\" Have your own art opening! Make time to talk about your drawings and answer questions like a true artist.\"
');
INSERT into BadgeQuestHasRequirements VALUES(40155,401552);
INSERT into BadgeRequirements VALUES(401553,'Create a special art scrapbook','Create a special art scrapbook called a portfolio. Artists make portfolios so they can easily show their work to others and get jobs. Make your portfolio with a nice folder or flat caryring case and show it to family and friends. You can use it to store and showcase your future art as well!
');
INSERT into BadgeQuestHasRequirements VALUES(40155,401553);
INSERT into Badges VALUES(4016,'Practice with Purpose');
INSERT into BadgeQuests VALUES(40161,'Decide on your goal','\"It helps to have an exact goal so you can focus when things get tough-and so you\'ll know when to celebrate reaching it! In this step; decideon a skill to practice with purpose. (Ideas in the box might help.) Then; visit one of the people to get advice on choosing a goal. Share your experience in the sport and maybe do some drills so they can help you pick a skill to improve. Last; be sure to ask the person for their top 10 practice tips; and write them in your sports diary or make a poster to inspire you.\"
');
INSERT into BadgeHasQuest VALUES(4016,40161);
INSERT into BadgeRequirements VALUES(401611,'Ask a coach for advice','Ask a coach for advice. Talk with a coach for your sport-your own coach if you already play; or a coach from your school; a middle or high school team; or a local youth league.
');
INSERT into BadgeQuestHasRequirements VALUES(40161,401611);
INSERT into BadgeRequirements VALUES(401612,'Speak to a trainer at a gym or','Speak to a trainer at a gym or community center. Who are the experts in your sport in your area? If you already know some of them; are there other experts who don\'t know your game as well and can help you improve in different ways?
');
INSERT into BadgeQuestHasRequirements VALUES(40161,401612);
INSERT into BadgeRequirements VALUES(401613,'Talk with a physical education or','Talk to a physical education or gym teacher at your school. They probably know a lot about different kinds of sports!
');
INSERT into BadgeQuestHasRequirements VALUES(40161,401613);
INSERT into BadgeQuests VALUES(40162,'Increase your endurance','\"In any sport; athletes need to keep going even when they think tey can\'t-that\'s endurance. You need endurance to run around all the bases in baseball or to keep playing a long match in tennis. Practice helps you build endurance. The first time you run you might be able to go for 20 minutes; and pushing it to 25 will feel hard. But the magic of endurance is that the next tiem you run 25 minutes; it can seem easier! Choose the endurance activity that will help with your goal; and make it part of the routine you\'ll practice in step 5.\"
');
INSERT into BadgeHasQuest VALUES(4016,40162);
INSERT into BadgeRequirements VALUES(401621,'Run','\"Run!. You might try sprint trials: Time yourself running to a certain point and back. Write down your first time in your sports diary; and try to improve on it every time you practice. Being able to run in short; fast bursts helps with any sport that requires cardiovascular endurance. Or you could build a course using cones; balls; or other objects to make obstacles you have to jump over; go around; or even carry. Run through the course and write down everyone\'s time. See if you can improve on it during your month of practice. This kind of work helps with agility-that\'s changing direction or movements quickly. FOR MORE FUN: When you start your month of practice; you might switch out some running practices with a challenging bike ride.\"
');
INSERT into BadgeQuestHasRequirements VALUES(40162,401621);
INSERT into BadgeRequirements VALUES(401622,'Dance','Dance! Choose a favorite song that\'s at least three minutes long; and make up moves that use your arms; legs; and hips. Dancing can help with cardiovascular endurance and flexibility.
');
INSERT into BadgeQuestHasRequirements VALUES(40162,401622);
INSERT into BadgeRequirements VALUES(401623,'Work out routine!','Work out routine! With a group of friends; try out a class at a local workout or community center; or invite a teacher to show your group a fitness routine you can keep up for your month of practice. They might be able to create a routine that will help all of you reach your goals! You might also find a great exercise video to follow; or pick several different ones to keep your workout interesting. Look for aerobic workout videos at the library; throug a rental outlet; or online-there are some good websites with free videos (ask an adult to help you find one).
');
INSERT into BadgeQuestHasRequirements VALUES(40162,401623);
INSERT into BadgeQuests VALUES(40163,'Build up your strength','Training your muscles to get stronger is another important part of reaching a sports goal. In this step; work with someone to learn three strength exercises that will help you toward your goal. You\'ll put them into practice in step 5.
');
INSERT into BadgeHasQuest VALUES(4016,40163);
INSERT into BadgeRequirements VALUES(401631,'Work with an older athlete in ','Work with an older athlete in your sport. Ask her to show you how she trains. Perhaps there\'s an older Girl Scoout who can help you. Ambassadors working toward their Coaching badge might be excited to help!
');
INSERT into BadgeQuestHasRequirements VALUES(40163,401631);
INSERT into BadgeRequirements VALUES(401632,'\"Work with an expert','Work with an expert; coach; or community center trainer. Ask them to teach you exercises that will strengthen the muscles you use most in your sport.
');
INSERT into BadgeQuestHasRequirements VALUES(40163,401632);
INSERT into BadgeRequirements VALUES(401633,'Find a video with strength ','Find a video with strength exxercises. Watch the instructor closely so you can do the exercises safely and correctly. If you want to watch an online video; team up with an adult to find the right one.
');
INSERT into BadgeQuestHasRequirements VALUES(40163,401633);
INSERT into BadgeQuests VALUES(40164,'Drill for skill','A drill is a routine of movements that helps you improve a specific skill. For example; in basketball; you might practice a dribbling drill to perfect your ball-handling skills. Instead of working your whole body; drills help improve one part of your game. In this step; choose a drill specific to your goal!
');
INSERT into BadgeHasQuest VALUES(4016,40164);
INSERT into BadgeRequirements VALUES(401641,'Talk to a coach or gym teacher','Talk to a coach or gym teacher. Ask them to help you create a drill that improves one part of your game. Show them what your skills are now; and tell them where you want to be in the future so they know what drill will work best.
');
INSERT into BadgeQuestHasRequirements VALUES(40164,401641);
INSERT into BadgeRequirements VALUES(401642,'Work with a friend who likes the','\"Work with a friend who likes the same sport. Run each other through a fun drill that helps you both improve. Even if your sports goals aren\'t the same; working on a varieyt of skills will help your overall game or competition. FOR MORE FUN: Keep practicing together-work together in step 5 when you set your practice sessions in motion!\"
');
INSERT into BadgeQuestHasRequirements VALUES(40164,401642);
INSERT into BadgeRequirements VALUES(401643,'Find a drill in a book or online','Find a drill in a book or online. Try out the drill with an expert-or watch closely as an expert does it so you understand how it works-before you decide it\'s the perfect one for you.
');
INSERT into BadgeQuestHasRequirements VALUES(40164,401643);
INSERT into BadgeQuests VALUES(40165,'\"Practice','Now that you have all the parts of a routine to help you practice with the purpose of reaching your goal-endurance; strength; and a drill-make a practice schedule and follow it for one month. You should do each of your parts at least twice a week (do them all at the same time; or at different times-whatever works for you!). After one month; do one of the below activities.
');
INSERT into BadgeHasQuest VALUES(4016,40165);
INSERT into BadgeRequirements VALUES(401651,'Discuss the process with a','\"Discuss the process with a coach; friends or family. What worked for you about the practice; and what would you now do differently? When did you find you needed to remember your purpose to stay motivated? FOR MORE FUN: Share your sports diary as you chat so you can talk about specifics.\"
');
INSERT into BadgeQuestHasRequirements VALUES(40165,401651);
INSERT into BadgeRequirements VALUES(401652,'\"Write a \"\"Top 10 Tips for\"','\"Write a \"\"Top 10 Tips for Practicing\"\" list. Review the list you made with your helper in step 1. Tehn use your past month\'s experience to make your own tips; and include short explanations for why you recommend each one. FOR MORE FUN: Share your list with friends and others who do the sport you\'re working on.\"
');
INSERT into BadgeQuestHasRequirements VALUES(40165,401652);
INSERT into BadgeRequirements VALUES(401653,'Make a short video or photo','Make a short video or photo slideshow about your practice. Show it to Brownies or other Juniors to help inspire them to complete their Athlete badges.
');
INSERT into BadgeQuestHasRequirements VALUES(40165,401653);
INSERT into Badges VALUES(4017,'Inside Government');
INSERT into BadgeQuests VALUES(40171,'Decide what being an active','For any government to run smoothly; it needs to be full of active citizens. Before you go inside government; know what being an active citizen means to you!
');
INSERT into BadgeHasQuest VALUES(4017,40171);
INSERT into BadgeRequirements VALUES(401711,'Be an active citizen in action','\"Be an active citizen in action. With your Girl Scout group or family; list 10 things that make an active citizen. It might include things like following laws; paying sales tax; and knowing what\'s going on in the world. Then do something from your list to practice being an active citizen. FOR MORE FUN: Compare your list with the Girl Scout Law. Is following our Law the same thing as being an active citizen?\"
');
INSERT into BadgeQuestHasRequirements VALUES(40171,401711);
INSERT into BadgeRequirements VALUES(401712,'Take a poll','Take a poll. What do you think are some of the rights and responsibilities that come with being a citizen? Ask at least three members of the community what they think; and talk about their answers with yoru family or Girl Scout group.
');
INSERT into BadgeQuestHasRequirements VALUES(40171,401712);
INSERT into BadgeRequirements VALUES(401713,'Get a global view','\"Get a global view. Talk with someone who has lived or worked in another country. Ask the person what it was like to live in that country as compared to the United States. Is the definition of an \"\"active citizen\"\" always the same? FOR MORE FUN: Make a piece of art about being a global citizen. (First you have to ask yourself; What is a global citizen?)\"
');
INSERT into BadgeQuestHasRequirements VALUES(40171,401713);
INSERT into BadgeQuests VALUES(40172,'Go inside government','Learn more about how the government works and who helps make decisions that affect you.
');
INSERT into BadgeHasQuest VALUES(4017,40172);
INSERT into BadgeRequirements VALUES(401721,'\"Visit a branch of the city','Visit a branch of the city; town; county; or state government. Take a tour; or make an appointment to speak to someone who can explain what the branch is responsible for.
');
INSERT into BadgeQuestHasRequirements VALUES(40172,401721);
INSERT into BadgeRequirements VALUES(401722,'Interview an elected official','Interview an elected official. Who decides how long the library is open or which school you can go to? Elected officials! Interview one and talk about how they help the government make decisions; and share ideas about how you can be an active citizen. Does the official have more ideas to add?
');
INSERT into BadgeQuestHasRequirements VALUES(40172,401722);
INSERT into BadgeRequirements VALUES(401723,'Chart the government structure','Chart the government structure for your school district; town; county; or state. Make a big; branching chart that shows who has the power to make and change laws.
');
INSERT into BadgeQuestHasRequirements VALUES(40172,401723);
INSERT into BadgeQuests VALUES(40173,'Look into laws','Communities work because everyone follows laws. And every law on the books (there are lots of them!) came from somewhere. Many considerations go into making a law.
');
INSERT into BadgeHasQuest VALUES(4017,40173);
INSERT into BadgeRequirements VALUES(401731,'\"Hold a \"\"mock vote\"\" on\"','\"Hold a \"\"mock vote\"\" on community laws. Go to the library or look online for laws that citizens in your community must follow. Choose three. Then; with your Junior group; review each law. Say if you\'d vote yes or no if you had been the lawmaker. Be sure to share your reasons!\"
');
INSERT into BadgeQuestHasRequirements VALUES(40173,401731);
INSERT into BadgeRequirements VALUES(401732,'\"For 24 hours','For 24 hours; list the laws that affect your daily life. For example; you must use the crosswalk to cross the street; you can\'t litter; and you must pay sales tax when you buy an apple. At the end of the day; look at your list; and talk about what the laws do for you and your community.
');
INSERT into BadgeQuestHasRequirements VALUES(40173,401732);
INSERT into BadgeRequirements VALUES(401733,'Think about laws you might','\"Think about laws you might propose someday. What laws; rules; or regulations would you propose in these three situations? What should happen to a citizen who doesn\'t follow them? Discuss your answers with your family or Girl Scout sisters. You are the mayor of the first town on the moon.  A toxic-waste dump is being built next to a farm. There is a five-story building with no elevators. It has only one inside staircase.\"
');
INSERT into BadgeQuestHasRequirements VALUES(40173,401733);
INSERT into BadgeQuests VALUES(40174,'Report on the issues','Every city; town; or county has issues and needs that are important to the people who live there. An urban community might need to find places for parks. A more suburban area might have to decide whether to build a new school or widen a road. You\'ve been learning about these issues; and now it\'s your chance to dig deeper and be a citizen reporter!
');
INSERT into BadgeHasQuest VALUES(4017,40174);
INSERT into BadgeRequirements VALUES(401741,'Report on a government meeting','\"Report on a government meeting. Attend a meeting of the town council; board of education; or county commissioners. What are the issues they\'re discussing? Which are most important to you? Pretend you\'re a reporter and take notes. Then write an article about the issue you think is most important. Share it with other Girl Scouts in your community. OR MORE FUN: Go to a meeting in a community very different from yours. Which issues are the same? Which are different?\"
');
INSERT into BadgeQuestHasRequirements VALUES(40174,401741);
INSERT into BadgeRequirements VALUES(401742,'Follow the local news every day','Follow the local news every day for one week. What stories do you think are most important to your community? Choose one; and write your opinion in a letter to the editor of your local paper. Too many letters are received for the paper to publish every one-but it\'s still good to try. Local officials read letters to the editor to get ideas about what laws to put in place!
');
INSERT into BadgeQuestHasRequirements VALUES(40174,401742);
INSERT into BadgeRequirements VALUES(401743,'Interview a local historian or','Interview a local historian or longtime citizen. Ask about how your community has changed over the years. Is your community still working out the same issues it was 20 years ago? If not; what are the new issues? Turn your interview into a radio program; video; or article to share with others in your community.
');
INSERT into BadgeQuestHasRequirements VALUES(40174,401743);
INSERT into BadgeQuests VALUES(40175,'Get involved in government','There\'s no better way to understand government than to get in there and try being a part of it! Get involved in the government of your school; sports league; place of worship; or other community group to see what the real challenges are-and to help make a difference.
');
INSERT into BadgeHasQuest VALUES(4017,40175);
INSERT into BadgeRequirements VALUES(401751,'Plan a campaign as if you were','\"Plan a campaign as if you were running for office. Make you poster and write a list of the top three things you would try to change if you had that office in your organization. Take turns sharing ideas with Girl Scout friends. Waht do you like about each other\'s campaign ideas; and what would you change? FOR MORE FUN: Use your campaign to actually run!\"
');
INSERT into BadgeQuestHasRequirements VALUES(40175,401751);
INSERT into BadgeRequirements VALUES(401752,'Work on someone else\'s','Work on someone else\'s campaign. If being an elected official isn\'t for you; use your leadership skills to help out the candidate you believe in. Make posters or buttons; or assist with a speech about the reasons you think this person should be elected.
');
INSERT into BadgeQuestHasRequirements VALUES(40175,401752);
INSERT into BadgeRequirements VALUES(401753,'Create a pamphlet or poster','Create a pamphlet or poster. Use it to raise awareness about an issue you\'d like to change. Maybe you\'d like a mural to cover up graffiti in the school bathroom; or to eliminate plastic cups at your place of worship. Get permission before you pass anything out; and think very carefully-like a politician-about the words you use. You want to educate and inspire people to take your side; so be respectful of the current administration and citizens of the community.
');
INSERT into BadgeQuestHasRequirements VALUES(40175,401753);
INSERT into Badges VALUES(4018,'Simple Meals');
INSERT into BadgeQuests VALUES(40181,'Step up your skills with a pro','There are lots of important skills to learn before you start cooking up a masterpiece. Ask a great cook to tell you about cooking tools; safety; and cleanliness; what makes a nutritionally balanced meal; and how they present food to look nice on a plate.
');
INSERT into BadgeHasQuest VALUES(4018,40181);
INSERT into BadgeRequirements VALUES(401811,'Visit a restaurant','Visit a restaurant. Get a tour of a professional kitchen and talk to the chefs there. You might also visit the prepared foods section of a grocery store and talk to the staff who make those foods.
');
INSERT into BadgeQuestHasRequirements VALUES(40181,401811);
INSERT into BadgeRequirements VALUES(401812,'Invite a great cook to your Girl','Invite a great cook to your Girl Scout meeting. It might be a chef; a cafeteria cook; a parent; or a Girl Scout adult. If you have the space; ask for a demonstration!
');
INSERT into BadgeQuestHasRequirements VALUES(40181,401812);
INSERT into BadgeRequirements VALUES(401813,'Tour a kitchen','Tour a kitchen. With a knowledgeable adult; tour the kitchen of a friend or neighbor; a caterer; your school; or your very own kitchen.
');
INSERT into BadgeQuestHasRequirements VALUES(40181,401813);
INSERT into BadgeQuests VALUES(40182,'Whip up a great breakfast','Breakfast is the most important meal of the day-it gets you going! Work on improving your breakfast-making skills with one of these activities. Use what you learned in step 1 here-and in the rest of the badge-to choose dishes that give you the nutrition you need and taste great; too.
');
INSERT into BadgeHasQuest VALUES(4018,40182);
INSERT into BadgeRequirements VALUES(401821,'Make easy weekday breakfasts','Make easy weekday breakfasts. That doesn\'t mean popping a pastry in the toaster! Figure out five school-day breakfasts that are quick; easy; and good for you. Hint: Fruit is a healthy start. You could try a fruit-and-yogurt parfait; or a slice of wheat toast with bananas and peanut butter.
');
INSERT into BadgeQuestHasRequirements VALUES(40182,401821);
INSERT into BadgeRequirements VALUES(401822,'Create an egg dish','\"Create an egg dish. They seem simple; but eggs can be a tricky food to master. Find out how each family member likes their eggs and make an egg for everyone for breakfast one day. FOR MORE FUN: Practice cracking an egg into a bowl or pan without breaking the yolk or getting shell in the egg.\"
');
INSERT into BadgeQuestHasRequirements VALUES(40182,401822);
INSERT into BadgeRequirements VALUES(401823,'Make a weekend breakfast','\"Make a weekend breakfast. Now that you don\'t have to rush off to school; try experimenting with a bigger breakfast; like French toast; pancakes; or homemade muffins. Include as many good-for-you foods as you can. How many are in banana walnut pancakes? FOR MORE FUN: Add an active entertainment plan! Get outside for a walk or play a pickup sports game with all your energy from a hearty breakfast.\"
');
INSERT into BadgeQuestHasRequirements VALUES(40182,401823);
INSERT into BadgeQuests VALUES(40183,'Fix a healthy lunch or dinner','Now it\'s time to tackle some of the bigger meals of the day. Follow a recipe that you have at home; or ask an adult to help you find one online or in a cookbook. Does a neighbor from another country or one of your relatives have a great recipe they could share?
');
INSERT into BadgeHasQuest VALUES(4018,40183);
INSERT into BadgeRequirements VALUES(401831,'Faltbread','Flatbread. Lots of cultures have foods that are made with a flattened version of bread; like tortilla chips; chapati; blini; or lavash. Try a Mexican quesadilla; a French crepe stuffed with peanut butter and fruit; or a Kenyan stew ath you dip the chapati in.
');
INSERT into BadgeQuestHasRequirements VALUES(40183,401831);
INSERT into BadgeRequirements VALUES(401832,'International sandwich','International sandwich. Sandwiches aren\'t just deli meat or peanut butter and jelly-they can include almost anything. Try making a sandwich from another country. What about a croque monsieur from France; a banh mi from Vietnam; or a panini from Italy?
');
INSERT into BadgeQuestHasRequirements VALUES(40183,401832);
INSERT into BadgeRequirements VALUES(401833,'Pocket food','Pocket food. Some meals are mysterious because all the ingredients are inside. You might not know what\'s in there until you take a bite! Make a food full of fun and mystery; like a pita stuffed with falafel; a Chinese dumpling; or an Australian meat pie.
');
INSERT into BadgeQuestHasRequirements VALUES(40183,401833);
INSERT into BadgeQuests VALUES(40184,'Create a delicious dessert','Dessert is a fun treat for ending special meals. Try making one of these sweet treats to share with friends and family on a special occasion.
');
INSERT into BadgeHasQuest VALUES(4018,40184);
INSERT into BadgeRequirements VALUES(401841,'Make a dessert you\'ve never','\"Make a dessert you\'ve never tried before. Have you always wanted to make your own ice-cream cake; or to try a recipe for a French éclair full of pudding and covered in chocolate? FOR MORE FUN: Make it from another country. What about Thai sticky-rice pudding with sweet coconut milk and mango?\"
');
INSERT into BadgeQuestHasRequirements VALUES(40184,401841);
INSERT into BadgeRequirements VALUES(401842,'Make a favorite dessert healthier','\"Make a favorite dessert healthier. For instance; alter a favorite cookie recipe by using whole-wheat flour instead of white; or boost nutrition by adding dried fruit or raisins. In some packaged muffins or cake mix you can use applesauce in place of oil. FOR MORE FUN: Make the original version; then have a taste test. If your new version doesn\'t measure up; try it again with different substitutions.\"
');
INSERT into BadgeQuestHasRequirements VALUES(40184,401842);
INSERT into BadgeRequirements VALUES(401843,'Make a holiday dessert','Make a holiday dessert. Desserts really take center stage around holiday times. Try a recipe for a family holiday; or for a  holiday from another culture. For example; during Mardi Gras in the American South; they make a cake and bake a tiny doll inside! The person who finds the doll is said to have good luck-and gets to make the next year\'s cake.
');
INSERT into BadgeQuestHasRequirements VALUES(40184,401843);
INSERT into BadgeQuests VALUES(40185,'Make your own meal','Now that you\'ve followed other people\'s recipes; come up with your own healthful meal. Create a meal (it\'s okay to get help from an adult for this step). Then share your meal with friends and family.
');
INSERT into BadgeHasQuest VALUES(4018,40185);
INSERT into BadgeRequirements VALUES(401851,'Make a salad meal using a ','Make a salad meal using a protein; a vegetable; and a starch. Try adding meat to a salad; and then adding crunch noodles or potatoes. Or serve bread as a side-and bake it yourself!
');
INSERT into BadgeQuestHasRequirements VALUES(40185,401851);
INSERT into BadgeRequirements VALUES(401852,'\"Make a soup','Make a soup; stew; or other one-pot meal. You might want to make this with a slow cooker-a big electric pot that can be set to cook things for a long time at a low temperature. Hint: Add flavored broth to some meat; veggies; and noodles.
');
INSERT into BadgeQuestHasRequirements VALUES(40185,401852);
INSERT into BadgeRequirements VALUES(401853,'Make three dishes for one meal','Make three dishes for one meal. Make a separate protein; vegetable; and starch. Hint: Pay special attention here to how long things take to cook. To get everything out at the same time; you\'ll have to be good at using a timer.
');
INSERT into BadgeQuestHasRequirements VALUES(40185,401853);
INSERT into Badges VALUES(4019,'Junior First Aid');
INSERT into BadgeQuests VALUES(40191,'Learn the first steps to take in an','If you\'re near the scene of an accident or disaster; there are certain steps to follow. The steps are Check; Call; and Care. Talk with an adult about how you  would follow those steps in an emergency. Then do one of the activities.
');
INSERT into BadgeHasQuest VALUES(4019,40191);
INSERT into BadgeRequirements VALUES(401911,'Make posters','Make posters. Explain why it\'s important to use Check; Call; Care in an emergency. Offer to put up the posters at your school; community center; or place of worship.
');
INSERT into BadgeQuestHasRequirements VALUES(40191,401911);
INSERT into BadgeRequirements VALUES(401912,'Create a skit','Create a skit. Make the skit about using Check; Call; Care in an emergency. Perform it for your family; your school; or friends.
');
INSERT into BadgeQuestHasRequirements VALUES(40191,401912);
INSERT into BadgeRequirements VALUES(401913,'Make a short video  ','Make a short video. Create a video with your Junior friends that tells people how to use Check; Call; Care in an emergency. Show it at your school; community center; or place of worship.
');
INSERT into BadgeQuestHasRequirements VALUES(40191,401913);
INSERT into BadgeQuests VALUES(40192,'Talk to first responders','Injured people often get help from a chain of people. First; someone might provide first aid at the scene. Then first responders show up. After that; the injured are often taken to hospital emergency rooms where doctors and nurses take over. Find out more about what these people do.
');
INSERT into BadgeHasQuest VALUES(4019,40192);
INSERT into BadgeRequirements VALUES(401921,'Talk to an EMT or firefighter','Talk to an EMT or a firefighter. Ask an emergency medical technician (EMT) or firefighter to talk to your group and show how the equipment on an ambulance works. Find out what you can do to help someone who is sick or injured until professionals arrive.
');
INSERT into BadgeQuestHasRequirements VALUES(40192,401921);
INSERT into BadgeRequirements VALUES(401922,'Talk to police officers','Talk to polic officers. When someone calls 911; the police often arrive first. Interview police officers about their first aid training and how you can help someone who is sick or injured until help arrives.
');
INSERT into BadgeQuestHasRequirements VALUES(40192,401922);
INSERT into BadgeRequirements VALUES(401923,'Tour an emergency room or','Tour an emergency room or hospital. Ask doctors or nurses how they help people who are injured in an emergency. Find out what you can do to help an injured person in an emergency.
');
INSERT into BadgeQuestHasRequirements VALUES(40192,401923);
INSERT into BadgeQuests VALUES(40193,'Make a portable first aid kit','Portable first aid kits help you be prepared to treat a minor injury no matter where you are. Make a small kit that you can use away from home.
');
INSERT into BadgeHasQuest VALUES(4019,40193);
INSERT into BadgeRequirements VALUES(401931,'Make a first aid kit that fits in ','Make a first aid kit that fits in your backpack. Include iteams that would help you deal with injuries that might happen on a hike or on your way to school.
');
INSERT into BadgeQuestHasRequirements VALUES(40193,401931);
INSERT into BadgeRequirements VALUES(401932,'Make a kit that fits in a car\'s','Make a kit that fits in a car\'s glove box. Give it to a family member who drives a car or another adult who could use it!
');
INSERT into BadgeQuestHasRequirements VALUES(40193,401932);
INSERT into BadgeRequirements VALUES(401933,'Make a personal kit','Make a personal kit. Keep it in your locker or desk at school.
');
INSERT into BadgeQuestHasRequirements VALUES(40193,401933);
INSERT into BadgeQuests VALUES(40194,'Find out how to handle urgent first','Allergic reactions; asthma attacks; snakebites; and accidental poisonings are situations that require quick action. So is choking; one of the most common ways young children are seriously injured. Learn to handle these issues in this step.
');
INSERT into BadgeHasQuest VALUES(4019,40194);
INSERT into BadgeRequirements VALUES(401941,'\"With your Junior friends','With your Junior friends; organize a panel discussion. Invite a variety of people; such as doctors; nurses; EMTs; a Red Cross representative; and someone from your local poison control center.
');
INSERT into BadgeQuestHasRequirements VALUES(40194,401941);
INSERT into BadgeRequirements VALUES(401942,'Research situations that require','Research situations that require fast action. Then interview a medical professional; asking questions about what you\'ve learned and what you should know in order to get help.
');
INSERT into BadgeQuestHasRequirements VALUES(40194,401942);
INSERT into BadgeRequirements VALUES(401943,'Go on a field trip to an ER','\"Go on a field trip to an emergency room. Ask about situations that require fast action; how the ER staff deals with these issues; and how you can be prepared to help others. \"
');
INSERT into BadgeQuestHasRequirements VALUES(40194,401943);
INSERT into BadgeQuests VALUES(40195,'Know how to take care of someone','\"Know how to take care of someone who\'s sick. When somebody doesn\'t feel well; you can make them more comfortable by using basic first aid. Find out how to care for people who have common illnesses (cold; fever; flu).\"
');
INSERT into BadgeHasQuest VALUES(4019,40195);
INSERT into BadgeRequirements VALUES(401951,'Read about illnesses and how to','Read about illnesses and how to treat them. Get familiar with the symptoms of common illnesses and how to help someone who\'s sick. Role-play with your friends or family. Assign someone to be the patient and then practice caring for them.
');
INSERT into BadgeQuestHasRequirements VALUES(40195,401951);
INSERT into BadgeRequirements VALUES(401952,'Visit a medical clinic','Visit a medical clinic. Talk to a doctor or nurse about simple things you can do to help people who are sick.
');
INSERT into BadgeQuestHasRequirements VALUES(40195,401952);
INSERT into BadgeRequirements VALUES(401953,'Talk to family members and','Talk to family members and neighbors. Find out what made them feel better when they were sick. Maybe they wanted a wet cloth over their eyes to soothe a headache; or perhaps sipping soda calmed their upset stomach. Make a lisst of what you learn and share it with your Junior friends.
');
INSERT into BadgeQuestHasRequirements VALUES(40195,401953);
INSERT into Badges VALUES(4020,'Junior Girl Scout Way');
INSERT into BadgeQuests VALUES(40201,'Match songs to an occasion','Singing brings us all together and helps us feel connected; strong; and proud. Girl Scouts sing in special places or to mark special times-or sometimes just for the fun of it! There are songs for many different events; and choosing the right ones can make an occasion more meaningful.
');
INSERT into BadgeHasQuest VALUES(4020,40201);
INSERT into BadgeRequirements VALUES(402011,'Find lift-the-spirit songs','\"Find lift-the-spirit songs. What are good songs to keep little kids occupied on a rainy day? Can you find patriotic songs for a ceremony at the airport to welcome veterans home? Put together a program for an occasion where singing would spread cheer. Then plan the occasion; and sing your songs. FOR MORE FUN: Share your songs as a group singing telegram!\"
');
INSERT into BadgeQuestHasRequirements VALUES(40201,402011);
INSERT into BadgeRequirements VALUES(402012,'Pick songs for a ceremony or','\"Pick songs for a ceremony or gathering. Get together with other Juniors; and plan music for a Girl Scout gathering-perhaps your next Scouts\' Own; a s\'more fest around the campfire; or a hike where you need a get-moving spirit. Find songs that fit the gathering; set the mood; and keep everyone excited. Then practice them so you\'re ready to sing at the gathering!\"
');
INSERT into BadgeQuestHasRequirements VALUES(40201,402012);
INSERT into BadgeRequirements VALUES(402013,'Make up a song to share a','Make up a song to share a message. Many songwriters compose songs to share a message they feel is important. Try it! Make up a jingle or song about why you love Girl Scouting; and share it with others. Perhaps your song will inspire other girls to become Girl Scouts; too.
');
INSERT into BadgeQuestHasRequirements VALUES(40201,402013);
INSERT into BadgeQuests VALUES(40202,'Celebrate the Girl Scout birthday','Girl Scout celebrations honor women and girls who change the world. As a Junior; celebrate the Girl Scout birthday. On March 12; 1912; 18 girls gathered for the first Girl Scout meeting in the United States. This year; celebrate how Girl Scouts are still going strong a century later!
');
INSERT into BadgeHasQuest VALUES(4020,40202);
INSERT into BadgeRequirements VALUES(402021,'Celebrate the Girl Scout Promise','\"Celebrate the Girl Scout Promise. Plan a Girl Scout birthday celebration that focuses on helping others-just like the Girl Scout Promise says. You could invite your friends and family and share how you took action to make a difference; or how you plan to this year. Your party could be occasion to share skills you\'ve learned in your badges; like making a great dessert; taking guests for a tour of your garden; or sharing a song or a sonnet you wrote about Girl Scouting! FOR MORE FUN: Invite another group of Juniors to celebrate with you.\"
');
INSERT into BadgeQuestHasRequirements VALUES(40202,402021);
INSERT into BadgeRequirements VALUES(402022,'Imagine yourself as one of the ','\"Imagine yourself as one of the original Girl Scouts. Read about Juliette \"\"Daisy\"\" Gordon Low and why she founded the Girl Scouts. Imagine what it was like to be one of the first 18 girls at the meeting in 1912. Make up a story; play; or mural about being a Girl Scout with Daisy. Share your creation at a Girl Scout gathering.\"
');
INSERT into BadgeQuestHasRequirements VALUES(40202,402022);
INSERT into BadgeRequirements VALUES(402023,'Help a Brownie or Daisy group','Help a Brownie or Daisy group plan a celebration. Help Brownies or Daisies give service in honor fo the Girl Scout birthday. You might write a play about Girl Scouting for them to perform; teach songs they could sing at a special occasion; or help them plant a tree!
');
INSERT into BadgeQuestHasRequirements VALUES(40202,402023);
INSERT into BadgeQuests VALUES(40203,'Share sisterhood','\"\"\"Sisterhood\"\" doesn\'t mean just sisters in your family. All the girls and women who are Girl Scouts try to live by the Girl Scout Law. That\'s what makes us a Girl Scout sisterhood. Our Law brings us together-and in this badge; you\'ll practice living its lines! \"
');
INSERT into BadgeHasQuest VALUES(4020,40203);
INSERT into BadgeRequirements VALUES(402031,'Make a time capsule','Make a time capsule. Get together with another group of Juniors to show girls in the future how Girl Scout Juniors practice the Law today. Collect items that show Girl Scout values: perhaps photos; souvenirs from your Leadership Journeys; stories you\'ve written; or patches from favorite Girl Scout events. Put them in a waterproof container; and decide on a special place for your time capsule. (Some are buried in the ground or placed in a wall or safe.) Record instructions for when and who should retrieve the capsule!
');
INSERT into BadgeQuestHasRequirements VALUES(40203,402031);
INSERT into BadgeRequirements VALUES(402032,'Scouts\' Own for sisterhood','Scouts\' Own for sisterhood. Invite another group of Girl Scout Juniors to share a Scouts\' Own with you. The theme is the Girl Scout Law-but how you share your ceremony; reflection; and celebration is all up to you!
');
INSERT into BadgeQuestHasRequirements VALUES(40203,402032);
INSERT into BadgeRequirements VALUES(402033,'Sisters across time','\"Sisters across time. Find two Girl Scout handbooks from the past; and look at two badges girls your age could do at that time. Try an activity from one of the badges that shares or spreads the ideals from the Law. (See the next page for some ideas). Then share how the activity helped you live the Law. FOR MORE FUN: Talk to Girl Scouts from different generations; and find out their favorite badge activities. Ask to see their old handbooks!\"
');
INSERT into BadgeQuestHasRequirements VALUES(40203,402033);
INSERT into BadgeQuests VALUES(40204,'Leave a place better than you found','Leave a place better than you found it. It\'s the Girl Scout way to care about the world around us-whether it\'s a room; a campground; or the world. Practice by leaving a place in your community better than you found it.
');
INSERT into BadgeHasQuest VALUES(4020,40204);
INSERT into BadgeRequirements VALUES(402041,'Improve part of a park in your','\"Improve part of a park in your community. Get permission from the person in charge of the park to leave it better than you found it. Maybe your Junior group can \"\"adopt\"\" the park for a season and pick up trash; sort recyclables; or weed and water the plants every week.\"
');
INSERT into BadgeQuestHasRequirements VALUES(40204,402041);
INSERT into BadgeRequirements VALUES(402042,'Tackle a problem in your','Tackle a problem in your neighborhood. Find a problem at your school; place of worship; library; or other neighborhood place; and do something to solve it. For example; you might notice books and games are often out of order in the after-school play area; and create a system of bins to help organize them. You might see kids riding their bikes without helmets; and organize a bike-fun day for kids to learn how to ride safely.
');
INSERT into BadgeQuestHasRequirements VALUES(40204,402042);
INSERT into BadgeRequirements VALUES(402043,'Make a walking tour for your','\"Make a walking tour for your community. If people appreciate places; they will want to take care of them! Find out about the history of some buildings in your community. Put together a pamphlet that tells what you\'ve learned; along with a map that locates the buildings. Give your pamphlet to friends or to your town\'s visitor\'s bureau. FOR MORE FUN: As girls did to earn The World in My Community badge in 1980; add to your map \"\"evidence of the contributions of various ethnic groups; either in the present or the past: architecture; businesses; stores; street names; trees and plants; statues; artworks; boats; etc.\"\"\"
');
INSERT into BadgeQuestHasRequirements VALUES(40204,402043);
INSERT into BadgeQuests VALUES(40205,'Enjoy Girl Scout traditions','Traditions bring people together. A tradition can be a special food; a ceremony; a song-anything that\'s passed along through the years.
');
INSERT into BadgeHasQuest VALUES(4020,40205);
INSERT into BadgeRequirements VALUES(402051,'Try a tradition from the past','\"Try a tradition from past. Find a woman in your community who was a Girl Scout when she was your age. Talk to her about her favorite traditions from her time; and share one with her. You might learn her favorite song; cook a recipe together; or re-create a special ceremony. FOR MORE FUN: Share your traditions; too! Invite her to one of your meetings or ceremonies.\"
');
INSERT into BadgeQuestHasRequirements VALUES(40205,402051);
INSERT into BadgeRequirements VALUES(402052,'Create a game about Girl Scout','\"Create a game about Girl Scout traditions. Make up a game that uses one or more of the Girl Scout traditions. Perhaps a relay where girls share the Girl Scout handshake before running; a quiz about Girl Scout camping recipes; or a board game about the circle of friendship. It might be a \"\"wide game;\"\" like the one on the previous pages. Then teach or share the game. FOR MORE FUN: Write instructions or take pictures or a video of your game so others in the Girl Scout community can play it; too. Now; that\'s tradition!\"
');
INSERT into BadgeQuestHasRequirements VALUES(40205,402052);
INSERT into BadgeRequirements VALUES(402053,'Start a Dez chain story','\"Start a Dez chain story. Check out Dez the spider in any Junior Leadership Journey. Then sketch; craft; or sculpt her with lightweight materials; and write the beginning of a story about her. Send your story and artwork to another Girl Scout Junior; and invite her to add to the story and to Dez\'s costume. She can send you a picture of her contributions; and send Dez along to another girl. FOR MORE FUN: Use the skills you learned in your Geocacher badge to make Dez a \"\"travel bug\"\"!\"
');
INSERT into BadgeQuestHasRequirements VALUES(40205,402053);
INSERT into Badges VALUES(4021,'Flowers');
INSERT into BadgeQuests VALUES(40211,'Uncover the science of one flower','Scientists called botanists track the history of different kinds of flowers. Become a botanist and figure out how; when; and where one flower was first bred or found. Learn about when it blooms and what it looks like. Then do one of these activities.
');
INSERT into BadgeHasQuest VALUES(4021,40211);
INSERT into BadgeRequirements VALUES(402111,'Go on a flower hunt','Go on a flower hunt. Find your flower and five other kinds that you can name growing around your town. Don\'t pick them; but use a magnifying glass and get up close to see more. Record or sketch what you see in your botanist\'s notebook.
');
INSERT into BadgeQuestHasRequirements VALUES(40211,402111);
INSERT into BadgeRequirements VALUES(402112,'Grow your flower','\"Grow your flower. Plant a seed or a bulb. Grow it inside or outside; but plant it in the right season and tend to it until it blooms. FOR MORE FUN: Experiment with several flowers and change how much you water or how much sun they get. Does it affect how the flower looks when it blooms?\"
');
INSERT into BadgeQuestHasRequirements VALUES(40211,402112);
INSERT into BadgeRequirements VALUES(402113,'Talk to a real botanist and learn','Read a book or watch a video about your bug. It should be a book or video about a real bug; not a cartoon.
');
INSERT into BadgeQuestHasRequirements VALUES(40211,402113);
INSERT into BadgeQuests VALUES(40212,'Look under the petals','Flowers aren\'t just pretty. They may look like they aren\'t doing a lot; but they\'re actually quite busy! Try one of these activities that will show you what a flower can really do.
');
INSERT into BadgeHasQuest VALUES(4021,40212);
INSERT into BadgeRequirements VALUES(402121,'Dye a flower','\"Dye a flower. See a flower\'s root system in action by coloring several white flowers (carnations work well). Cut the stems and put the flowers in water that contains your favorite color of food dye. The petals should soon be your favorite color! Keep track of your experiment in your botanist\'s notebook. FOR MORE FUN: Try experimenting with different flowers and different colors.\"
');
INSERT into BadgeQuestHasRequirements VALUES(40212,402121);
INSERT into BadgeRequirements VALUES(402122,'Stop and smell the flowers','\"Stop and smell the flowers. Find a flower growing outside that smells; and watch it until you see something happen. Make sketches or jot notes in your botanist\'s notebook about what visits the flower. How long did it take for something to visit? Based on your observations; why do you think flowers smell? Find out if you\'re right! FOR MORE FUN: Find out what makes flowers smell; and use the information to make your own perfume.\"
');
INSERT into BadgeQuestHasRequirements VALUES(40212,402122);
INSERT into BadgeRequirements VALUES(402123,'Meet flower families','Meet flower families. Just like people in your family might share common traits; the same goes for flower families. Go to the library or online with an adult; and find a flower family you like. Then take photos or draw pictures of different flowers within that family. Make a flower family tree with your art!
');
INSERT into BadgeQuestHasRequirements VALUES(40212,402123);
INSERT into BadgeQuests VALUES(40213,'Find out how flowers help people','Not only do flowers have a lot going on inside of them; but they do a lot for people. Find out how flowers benefit people in this step.
');
INSERT into BadgeHasQuest VALUES(4021,40213);
INSERT into BadgeRequirements VALUES(402131,'Flowers are fruits in disguise','\"Flowers are fruits in disguie. Shh! Don\'t blow their cover; but a flower will eventually become a fruit. For example; an apple grows from an apple blossom. Find a flower that turns into a fruit; and make a snack for your family or friends using that fruit. Tell them all about the flower that the fruity snack came from. FOR MORE FUN: Sometimes even the flower is edible! Make a tea out of a flower such as hibiscus or chamomile; or taste a flower that\'s safe to eat; like a nasturtium or zucchini blossom.\"
');
INSERT into BadgeQuestHasRequirements VALUES(40213,402131);
INSERT into BadgeRequirements VALUES(402132,'Flowers are healers','Flowers are healers. Scientists who study how plants can help humans are called ethnobotanists. They are constantly on the lookout for new flowers that could be made into medicines to help with common sicknesses. Find out about three different medicinal flowers or herbs and how they can help.
');
INSERT into BadgeQuestHasRequirements VALUES(40213,402132);
INSERT into BadgeRequirements VALUES(402133,'Flowers are calming','Flowers are calming. Some people believe the scent of flowers does more than smell nice-it can help people feel better. The use of flower scents is called aromatherapy. Aromatherapists say that lavender and rose help peoople de-stress and relax. Try the recipe for bath beads and see if it helps you feel calmer when you need a break.
');
INSERT into BadgeQuestHasRequirements VALUES(40213,402133);
INSERT into BadgeQuests VALUES(40214,'Have fun with flowers','Now that you\'ve learned all about what flowers can do; create something beautiful with them! Find flowers in your yard or a neighbor\'s yard; at a store; or in a public place where you\'re allowed to pick them. (Always ask for permission before you pick.)
');
INSERT into BadgeHasQuest VALUES(4021,40214);
INSERT into BadgeRequirements VALUES(402141,'Make a flower necklace','Make a flower necklace. Hawaiians welcome visitors to their islands with beautiful flower necklaces called leis. You could string one yourself and use it to welcome a visitor to your home or group meeting. Or try gathering extra rose petals from a flower store; coat them with glue; let them dry; and string them together for a necklace.
');
INSERT into BadgeQuestHasRequirements VALUES(40214,402141);
INSERT into BadgeRequirements VALUES(402142,'Dried-flower art','\"Dried-flower art. Make a pressed-flwoer bookmark by flattening a flower inside a heavy book. Then place it between two sheets of waxed paper. Have an adult help you iron the waxed paper; then cut around the flower to make the bookmark the right size. Or make a dried-flower bouquet: when a fresh bouquet starts to wilt; tie the bunch together with string. Hang it upside down for several days until the flowers dry out. FOR MORE FUN: Make a dried-flower wreath\"
');
INSERT into BadgeQuestHasRequirements VALUES(40214,402142);
INSERT into BadgeRequirements VALUES(402143,'Fun with flower look-alikes','\"Fun with flower look-alikes. Make your own bouquet so you can have fresh flowers anytime. What about making a flower \"\"impostor\"\" bouquet-try a poinsettia made out of paper plates; poppies made of tissue paper; and tulips made of eggshells! FOR MORE FUN: Make the Daisy Flower Garden from flowers you create; and share it with Daisies. (If you don\'t know the Flower Friends; make the garden from any flowers you like!)\"
');
INSERT into BadgeQuestHasRequirements VALUES(40214,402143);
INSERT into BadgeQuests VALUES(40215,'Send a message in flower code','Many flowers are symbols that send a specific message when you give them. You probably know the American meaning of a bouquet of roses! Flowers have meaning in Girl Scouting; too-the Daisies have a garden full of Flower Friends who help them learn the Girl Scout Law. Send your flower message as a bouquet; corsage; or arrangement-it could be for a holiday; to show how you feel; or just because. Make it from fresh flowers or craft flowers.
');
INSERT into BadgeHasQuest VALUES(4021,40215);
INSERT into BadgeRequirements VALUES(402151,'Bouquet','Bouquet. A bouquet is a bunch of flowers. To make one; gather some flowers; cut the stems to the length you want; then twist wire around the stems to hold the bouquet together. Cover the wire with floral tape or colored ribbon-you could use recycled ribbon or cloth; too.
');
INSERT into BadgeQuestHasRequirements VALUES(40215,402151);
INSERT into BadgeRequirements VALUES(402152,'Corsage','Corsage. A corsage is a brooch or bracelet made of real flowers; usually worn to a special event like a dance. To make one; cut the stems of a few flowers 2 to 4 inches below the flower itself. Wrap each stem in floral tape. Then group them and tape all the stems together. Use a pin to fasten the corsage to a shirt; or attach it to an elastic band for a bracelet.
');
INSERT into BadgeQuestHasRequirements VALUES(40215,402152);
INSERT into BadgeRequirements VALUES(402153,'Arrangement','Arrangement. An arrangement is a group of flowers place in a container in a pretty way. The container could be a vase; bucket; basket; or even a hat. Basic arrangements use an arch shape; with taller flowers in the middle and shorter ones around the outside. But flower arranging is about imagination. Mix flowers; colors; heights; and shapes however you want!
');
INSERT into BadgeQuestHasRequirements VALUES(40215,402153);
INSERT into Badges VALUES(4022,'Business Owner');
INSERT into BadgeQuests VALUES(40221,'Explore businesses you might like','Explore businesses you might like to start someday. Make a list of your top interests; and select one that you could imagine turning into a business. For example; pet lovers might think about working as a pet groomer; veterinarian; pet-store owner; or dog trainer. Then find three businesses related to your interest and learn more about them.
');
INSERT into BadgeHasQuest VALUES(4022,40221);
INSERT into BadgeRequirements VALUES(402211,'Go straight to the source','Go straight to the source. With an adult\'s help; talk to one person working in each of the businesses youa re interested in. Ask at least 10 questions so you can find out what a typical day is like and how happy each person is with the business.
');
INSERT into BadgeQuestHasRequirements VALUES(40221,402211);
INSERT into BadgeRequirements VALUES(402212,'Get associated','Get associated. Many business belong to a professional association; which is a group of people who are in the same kind of business. Find groups for each of the three businesses you are interested in. Call or e-mail each group to get the name of a member who is willing to talk to you about how they first got into their business and what skills helped them succeed.
');
INSERT into BadgeQuestHasRequirements VALUES(40221,402212);
INSERT into BadgeRequirements VALUES(402213,'Read all about it','Read all about it.  Libraries are filled with information that helps people learn about different types of businesses and video start their own. Explore at least three resources (print; video; or online) to teach yourself more about each business that interests you.
');
INSERT into BadgeQuestHasRequirements VALUES(40221,402213);
INSERT into BadgeQuests VALUES(40222,'Learn the basics of running a','Learn the basics of running a business. Now that you know more about three different businesses; choose one an dlearn the basics of making that business run.
');
INSERT into BadgeHasQuest VALUES(4022,40222);
INSERT into BadgeRequirements VALUES(402221,'Follow in someone\'s footsteps','\"Follow in someone\'s footsteps. Find a real business that interests you and \"\"shadow\"\" the owner or manager for an hour or two at work. Set aside some time to ask questions about how prices or rates are set for the business and how many sales or services happen each day.\"
');
INSERT into BadgeQuestHasRequirements VALUES(40222,402221);
INSERT into BadgeRequirements VALUES(402222,'Get on the phone','Get on the phone. If the business that interests you is not in your area; set up a phone interview. Be prepared with at least five questions about the basics of running the business; your goal is to get the owner or manager\'s best advice on starting your own business.
');
INSERT into BadgeQuestHasRequirements VALUES(40222,402222);
INSERT into BadgeRequirements VALUES(402223,'Invite an expert speaker','Invite an expert speaker. Team up with your Junior friends and discuss the business that you are each interested in. Pick at least one person who is involved in a business of interest and invite them to be a part of your discussion.
');
INSERT into BadgeQuestHasRequirements VALUES(40222,402223);
INSERT into BadgeQuests VALUES(40223,'Find out what kind of support','Find out what kind of support is available for small-business owners. Starting a small business is like riding a roller coaster-there are plenty of ups and downs. The good news is that there are also a lot of resources to help business owners succeed. In this step; your goal is to learn about some of the organizations that support small business.
');
INSERT into BadgeHasQuest VALUES(4022,40223);
INSERT into BadgeRequirements VALUES(402231,'Take it to the bank','Take it to the bank. Set up an appointment at a bank or credit union with the person who makes loans to small businesses; or invite a loan officer to visit your group meeting. Ask them to name three things a small business must do in order to qualify for a loan. Then find out three reasons why a business might not get a loan from the bank or credit union. Ask what other services the bank or credit union provides to small businesses in your community.
');
INSERT into BadgeQuestHasRequirements VALUES(40223,402231);
INSERT into BadgeRequirements VALUES(402232,'Meet the Chamber of Commerce','Meet the Chamber of Commerce. A Chamber of Commerce helps businesses in their area succeed. Invite someone from the Chamber of Commerce to talk to your Girl Scout group about the ways they support new businesses and small-business owners.
');
INSERT into BadgeQuestHasRequirements VALUES(40223,402232);
INSERT into BadgeRequirements VALUES(402233,'Find out about the Small','Find out about the Small Business Administration. The U.S. government\'s Small Business Administration works to strengthen small businesses across the country. With an adult\'s help; go to their website to find at least five ways they help small businesses. Then give a five-minute presentation to your Girl Scout friends or your family about what you\'ve learned.
');
INSERT into BadgeQuestHasRequirements VALUES(40223,402233);
INSERT into BadgeQuests VALUES(40224,'Investigate what makes great','Investigate what makes great custoemr service. Keeping your customers happy and knwoing what they need is important if you want to have a successful business. That\'s what good customer service is all about. Smart business owners plan the experience customers will have before they ever open their doors to the public.
');
INSERT into BadgeHasQuest VALUES(4022,40224);
INSERT into BadgeRequirements VALUES(402241,'Create a customer-service pledge','Create a customer-service pledge. First; talk to three adults about their customer service experience. Ask them to describe a time when the experience was great and a time when they had especially poor service. Then use their answers to create a customer-service pledge that includes five things your business will or won\'t do to ensure a good customer experience.
');
INSERT into BadgeQuestHasRequirements VALUES(40224,402241);
INSERT into BadgeRequirements VALUES(402242,'Learn from the best','Learn from the best. Search business websites or business magazines at the library to find lists of companies famous for their great customer service. Compare three different businesses to find out why people enjoy shopping with them. Make a poster with at least five great customer-service techniques to present to your Junior friends.
');
INSERT into BadgeQuestHasRequirements VALUES(40224,402242);
INSERT into BadgeRequirements VALUES(402243,'Invite some experts','Invite some experts. Invite three local business owners or managers to come to your Girl Scout group and talk about how they offer great customer service. Ask each person to explain why customer service is important to their success.
');
INSERT into BadgeQuestHasRequirements VALUES(40224,402243);
INSERT into BadgeQuests VALUES(40225,'Understand the importance of','Understand the importance of consumer research. What name would you call your make-believe business? What ways could you imagine getting people to use your business? What would people want from your business? These questions and more can be answered through the art of consumer research-that means asking possible customers what they think and using that information to make your business better. Complete the worksheet on the next page before starting this step.
');
INSERT into BadgeHasQuest VALUES(4022,40225);
INSERT into BadgeRequirements VALUES(402251,'Pitch your pretend business','Pitch your pretend business. Invite a loan officer from a local bank or credit union to meet with you and your Junior friends. Take turns pitching your concept; then ask for their honest feedback!
');
INSERT into BadgeQuestHasRequirements VALUES(40225,402251);
INSERT into BadgeRequirements VALUES(402252,'\"Conduct a \"\"focus group\"\"\"','\"Conduct a \"\"focus group\"\". Identify at least three people who might use your imaginary business. Describe your business idea to them in detail and ask for feedback; including what changes they would suggest.\"
');
INSERT into BadgeQuestHasRequirements VALUES(40225,402252);
INSERT into BadgeRequirements VALUES(402253,'Do a survey','\"Do a survey. After completing the worksheet; write \"\"1 2 3 4 5\"\" below each line. Ask at least a dozen people to rate each part of the statement by circling the number that tells how they feel about it. Use 1 for \"\"strongly dislike;\"\" 2 for \"\"dislike;\"\" 3 for \"\"no opinion;\"\" 4 for \"\"like;\"\" and 5 for \"\"strongly like.\"\" Tally the results; and share them with your family or friends.\"
');
INSERT into BadgeQuestHasRequirements VALUES(40225,402253);
INSERT into Badges VALUES(4023,'Savvy Shopper');
INSERT into BadgeQuests VALUES(40231,'Explore your needs and wants','Pick one of the following choices to start exploring the difference between your needs and your wants.
');
INSERT into BadgeHasQuest VALUES(4023,40231);
INSERT into BadgeRequirements VALUES(402311,'Go on a home tour','Go on a home tour. Starting in the room where you sleep; write down at least five items in each room of your home. Write each item on its own scrap of paper. When you\'ve completed your tour; find an open space and line up the papers from the item you need the most to the item you need the least. Then discuss your order with a friend or family member. 
');
INSERT into BadgeQuestHasRequirements VALUES(40231,402311);
INSERT into BadgeRequirements VALUES(402312,'Make a collage','Make a collage. Gather your Girl Scout friends and a stack of magazines and newspapers. Flip through them together and cut out at least 50 items. Use these items to create a collage that shows a progression from things you all think are wants to those you think are needs.
');
INSERT into BadgeQuestHasRequirements VALUES(40231,402312);
INSERT into BadgeRequirements VALUES(402313,'Take a survey','Take a survey. Ask at least 20 classmates to list five things they need and five things they want. Compile the lists; making sure to delete duplicating answers. How do the responses compare to your own needs and wants? Are there any items that some students consider a need; while others consider them a want? Are there any wants or needs you didn\'t think of?
');
INSERT into BadgeQuestHasRequirements VALUES(40231,402313);
INSERT into BadgeQuests VALUES(40232,'Look into why you want what you','Look into why you want what you want. Sometimes it\'s hard to tell the difference between what you need and what you want. Advertisers create exciting commercials to convince you to buy things. Or you might want soemthing simply because your best friend has it. Think about all the forces that make you want something you may not need.
');
INSERT into BadgeHasQuest VALUES(4023,40232);
INSERT into BadgeRequirements VALUES(402321,'Log your wants','\"Log your wants. For a week; write a list of every item that makes you think; \"\"I want that!\"\"; and jot down where you saw the item. At the end of the week; go through the list; and note how many items you\'re still thinking of and how many you\'ve forgotten. Take a look at what triggers you to want something. Talk about what you\'ve learned with a family member or friend.\"
');
INSERT into BadgeQuestHasRequirements VALUES(40232,402321);
INSERT into BadgeRequirements VALUES(402322,'Investigate the latest trends','Investigate the latest trends. Talk to at least 10 people from different places; like your school; place of worship; or Girl Scout group. Ask each person to list what they think are the three most popular or tendy items. Compile the answers; and check off those that you want as well. Do you feel like you\'re influenced by trends? Why or why not?
');
INSERT into BadgeQuestHasRequirements VALUES(40232,402322);
INSERT into BadgeRequirements VALUES(402323,'Do some time travel','Do some time travel! Find 10 items that girls your age wanted in the past. What were the toys; clothes; and games that were the most popular? Then find 10 items that girls needed back then. Compare the wants and needs from the past with the things you want and need today. Which ones are different? Are any the same? Talk about what you\'ve found with family or friends.
');
INSERT into BadgeQuestHasRequirements VALUES(40232,402323);
INSERT into BadgeQuests VALUES(40233,'Find out what makes people happy','\"Find out what makes people happy (or not!) with what they buy. \"\"Buyer\'s remorse\"\" is the sense of disappointment people sometimes have after buying an expensive item. Often; they\'ve convinced themselves that they really need something-like the latest video game or a new necklace-only to discover afterwards that it wasn\'t truly necessary. Of course; when you think through your reasons for buying something and save the money to get it; you can end up feeling very happy with your purchase.\"
');
INSERT into BadgeHasQuest VALUES(4023,40233);
INSERT into BadgeRequirements VALUES(402331,'Family stories','Family stories. Talk to people in your family about a big purchase in their life. What decisions did they go through before buying it? Find out how they felt right after making the purchase-and then how they felt a week later; a month later; and even a year later. Did their feelings change at all?
');
INSERT into BadgeQuestHasRequirements VALUES(40233,402331);
INSERT into BadgeRequirements VALUES(402332,'Trade stories with friends','Trade stories with friends. Odds are; every one of your friends has had the experience of really loving something they bought-or wishing they hadn\'t bought it. Team up with your Junior friends and swap shopping stories. As a group; come up with a list of tips; based on waht each girl learned.
');
INSERT into BadgeQuestHasRequirements VALUES(40233,402332);
INSERT into BadgeRequirements VALUES(402333,'Analyze customer reviews','Analyze customer reviews. Pick a big-ticket item like an expensive appliance; computer; or even a car. Then team up with an adult to research customer reviews online. Pay particular attention to those reviews where people were either extremely happy with their purchase or extremely upset. What kinds of complaints did people express about the products? What kinds of things made them happy?
');
INSERT into BadgeQuestHasRequirements VALUES(40233,402333);
INSERT into BadgeQuests VALUES(40234,'Learn how to decide what to buy','Even when you\'re buying something you need; you\'ll find you might have certain wants. For example; you may need a computer for school-but you want the top-of-the-line model with a super-fast processor. You may need new running shoes-but you want a famous brand. Practice making these decisions on a pretend shopping trip (you don\'t need to actually buy anything).
');
INSERT into BadgeHasQuest VALUES(4023,40234);
INSERT into BadgeRequirements VALUES(402341,'Visit the mall','Visit the mall. Start by picking an item that comes with different options at different prices; such as a computer or a personal music player. Compare two or three versions to find out what makes them different and how that affects the price. Talk to your friends and family about whether you think extra options are worth the money or whether you would give them up for a lower price.
');
INSERT into BadgeQuestHasRequirements VALUES(40234,402341);
INSERT into BadgeRequirements VALUES(402342,'Shop for groceries','Shop for groceries. The next time your family goes grocery shopping; ask to tag along. Pick at least 10 items that your family usually buys; and compare them to other options. Discuss with your family whether it\'s worth exchanging any of the items for a lower-priced version? Why or why not?
');
INSERT into BadgeQuestHasRequirements VALUES(40234,402342);
INSERT into BadgeRequirements VALUES(402343,'Go on a comparison scavenger','Go on a comparison scavenger hunt. Team up with some Girl Scout friends to turn your shopping experiment into a scavenger hunt at your local mall. Pick an item like a computer or a TV that comes with a wide range of features an dprice options. Give everyone 30 minutes to find inexpensive; average; and expensive price options. For each option; write down what features are included-for example; the most expensive TV might offer 3-D technology. Then regroup and share what you\'ve learned.
');
INSERT into BadgeQuestHasRequirements VALUES(40234,402343);
INSERT into BadgeQuests VALUES(40235,'Make a plan to buy something','Now you\'re ready to put what you\'ve learned about wants and needs into action! Once you\'ve set your goal; create a budget and a plan.
');
INSERT into BadgeHasQuest VALUES(4023,40235);
INSERT into BadgeRequirements VALUES(402351,'Help with a family purchase','Help with a family purchase. Come up with at least one item that you need and one item that you want. Discuss your choices with your family; and agree on what you will buy. Then work together to come up with a budge that will let you get what you need; as well as a plan to save for what you want.
');
INSERT into BadgeQuestHasRequirements VALUES(40235,402351);
INSERT into BadgeRequirements VALUES(402352,'Make a plan for your cookie','Make a plan for your cookie money. Make a group decision abou thow to use the money your Girl Scout friends earned selling cookies. Start by brainstorming your needs and your wants-and let everyone know that there are no bad suggestions! Write your list on a board and divide into teams. Have each team pick their top three items; then present their choices to the entire group. Once all the teams have presented their ideas; have a group vote to decide how to use your money.
');
INSERT into BadgeQuestHasRequirements VALUES(40235,402352);
INSERT into BadgeRequirements VALUES(402353,'Look into your future','Look into your future! Imagine yourself 10 years in the future. What are 10 items that you think you\'ll need on a day-to-day basis? And what are 10 items you think you\'ll want to have? Create a time capsule that includes both lists; and seal it with a promise not to open it for 10 years.
');
INSERT into BadgeQuestHasRequirements VALUES(40235,402353);
INSERT into Badges VALUES(4024,'Cookie CEO');
INSERT into BadgeQuests VALUES(40241,'Set a group goal','
');
INSERT into BadgeHasQuest VALUES(4024,40241);
INSERT into BadgeRequirements VALUES(402411,'Decide how many boxes of','Decide how many boxes of cookies you want to sell as a team; then break that overall goal down into smaller goals. For example; how many boxes do you want to sell per week? If you have several booths; how many boxes do you want to sell at each location? Think about goals besides sales; too. Perhaps each girl sets a goal for the number of customers she sells to or for the number of new customers she finds.
');
INSERT into BadgeQuestHasRequirements VALUES(40241,402411);
INSERT into BadgeQuests VALUES(40242,'Explore how a small business','
');
INSERT into BadgeHasQuest VALUES(4024,40242);
INSERT into BadgeRequirements VALUES(402421,'There are many different tasks','There are many different tasks to do when running a business. Different skills are needed for each task. For example; accountants keep track of money; marketers design ads to sell a product; and customer-service representatives help customers with questions or problems. Find out more about the jobs people do in a small business; and discuss how those jobs apply to your cookie sale.
');
INSERT into BadgeQuestHasRequirements VALUES(40242,402421);
INSERT into BadgeQuests VALUES(40243,'Create a cookie sale job list','
');
INSERT into BadgeHasQuest VALUES(4024,40243);
INSERT into BadgeRequirements VALUES(402431,'Brainstorm with your group','Brainstorm with your group about the tasks involved in your cookie sale and the skills needed for each one. Divide the workload based on each girl\'s talents and interests. For example; someone who is good at art might want to make posters for the cookie booth; while someone who is very organized might want to keep track of customer lists or sales data.
');
INSERT into BadgeQuestHasRequirements VALUES(40243,402431);
INSERT into BadgeQuests VALUES(40244,'Learn to make a good impression','
');
INSERT into BadgeHasQuest VALUES(4024,40244);
INSERT into BadgeRequirements VALUES(402441,'Who is more likely to make a','Who is more likely to make a sale-a person who is sloppily dressed and distracted or rude; or someone who is neatly dressed and greets customers with a smile and a friendly handshake? Take the time to notice how salespeople act as you and your family or friends run errands or go shopping. Discuss your observations with your group; then role-play different ways to make a good impression. You may want to practice shaking hands firmly; greeting customers with a smile; or calling customers on the phone to thank them for purchasing cookies.
');
INSERT into BadgeQuestHasRequirements VALUES(40244,402441);
INSERT into BadgeQuests VALUES(40245,'Track your sales','
');
INSERT into BadgeHasQuest VALUES(4024,40245);
INSERT into BadgeRequirements VALUES(402451,'Your sales numbers are the key','Your sales numbers are the key to knowing if you\'re meeting your goals and identifying areas where you can impove. Create a chart (on paper or on a computer) to track sales in different ways. For example; you may want to keep a log of daily sales that include a note about the weather on each day; it will help you figure out how rain or cold affects your sales. You could even track sales by the hour to see what time of day is best for sales. You could also track sales by neighborhood or cookie booth location to see if you sell more cookies in certain areas. At the end of the sale; discuss with your group how you could use what you\'ve learned to increase business next year.
');
INSERT into BadgeQuestHasRequirements VALUES(40245,402451);
INSERT into Badges VALUES(4025,'Customer Insights');
INSERT into BadgeQuests VALUES(40251,'Ask an expert what customers want','
');
INSERT into BadgeHasQuest VALUES(4025,40251);
INSERT into BadgeRequirements VALUES(402511,'Talk to a female business owner','Talk to a female business owner about how she find out what her customers want. If she was a Girl Scout and sold cookies; ask her what skills she learned that she still uses today. And remember to ask for some tips about selling that you can put into practice yourself.
');
INSERT into BadgeQuestHasRequirements VALUES(40251,402511);
INSERT into BadgeQuests VALUES(40252,'Do some research at the grocery store','
');
INSERT into BadgeHasQuest VALUES(4025,40252);
INSERT into BadgeRequirements VALUES(402521,'Walk through the aisles with your','Walk through the aisles with your family or Junior friends. How are goods displayed to attract shoppers\' attention? What signs catch your eye; and why? Do they have great visuals or short; snappy slogans? Watch what customers pick up off the shelf-and what they put back. What can you learn about setting up your cookie booth to increase sales?
');
INSERT into BadgeQuestHasRequirements VALUES(40252,402521);
INSERT into BadgeQuests VALUES(40253,'Find out who buys cookies and why','
');
INSERT into BadgeHasQuest VALUES(4025,40253);
INSERT into BadgeRequirements VALUES(402531,'\"Many companies','Many companies; including the bakers who make Girl Scout Cookies; use insights about their customers to figure out what cookies to sell and how to market them. Sometimes the reasons people don\'t purchase a product are just as important as the reasons they do. Create your own survey to ask people why they buy or don\'t buy Girl Scout cookies. Ask such questions as; If you buy cookies; how many boxes do you usually buy? What kinds of cookies do you buy? Were you a Girl Scout? Did you sell cookies? Why do you buy cookies? Talk to your friends or family about how this information can help you give your customers what they want.
');
INSERT into BadgeQuestHasRequirements VALUES(40253,402531);
INSERT into BadgeQuests VALUES(40254,'Learn from people who don\'t buy','
');
INSERT into BadgeHasQuest VALUES(4025,40254);
INSERT into BadgeRequirements VALUES(402541,'\"Hearing people say','\"Hearing people say; \"\"No thanks\"\" is a part of selling any product. Use each no to learn more about customers. If someone tells you why they aren\'t buying; make a note of it. Observe people\'s reactions when you make your pitch to see what makes them consider buying cookies-or to see when you lose their attention. Discuss what you\'ve observed with your family or friends.\"
');
INSERT into BadgeQuestHasRequirements VALUES(40254,402541);
INSERT into BadgeQuests VALUES(40255,'Listen for clues and ask great questions','
');
INSERT into BadgeHasQuest VALUES(4025,40255);
INSERT into BadgeRequirements VALUES(402551,'Customers often give you clues','\"Customers often give you clues about what they want when you talk to them. Listen closely; and be ready to respond with a suggestion or follow-up question in order to close a sale. To get started; think about what you might say if a customer said one of these things: My kids aren\'t at home anymore. They\'re in college. I don\'t eat cookies because they aren\'t healthy. I love chocolate! I really don\'t like chocolate. You know; I sold cookies when I was a girl. I already bought a box from teh girl down the street. I can purchase cookies for less money inside this store.\"
');
INSERT into BadgeQuestHasRequirements VALUES(40255,402551);
INSERT into Badges VALUES(4026,'Horseback Riding');
INSERT into BadgeQuests VALUES(40261,'Know the basics of horseback riding','\"You want to learn how to ride a horse. Start with the basics: riding styles—Western or English—what kind of gear you and your horse need; and how to talk like a rider.\"
');
INSERT into BadgeHasQuest VALUES(4026,40261);
INSERT into BadgeRequirements VALUES(402611,'Interview a horse expert','Interview a horse expert. This could be someone at an equestrian store; riding stable; Girl Scout camp; or horse ranch. Ask about the different styles of riding and the gear you’ll need for you and your horse.
');
INSERT into BadgeQuestHasRequirements VALUES(40261,402611);
INSERT into BadgeRequirements VALUES(402612,'Invite an expert to talk to your troop','\"Invite an expert to talk to your troop. How about a trainer from a riding stable; a groomer; or someone else who knows about horse equipment and gear? Ask about the different styles of riding and the gear you’ll need for you and your horse.\"
');
INSERT into BadgeQuestHasRequirements VALUES(40261,402612);
INSERT into BadgeRequirements VALUES(402613,'Take a horse workshop at a Girl Scout camp or community center','\"Take a horse workshop at a Girl Scout camp or community center. Find out when workshops are hosted so you can learn about the different styles of riding and the gear you’ll need for you and your horse.\"
');
INSERT into BadgeQuestHasRequirements VALUES(40261,402613);
INSERT into BadgeQuests VALUES(40262,'Take care of a horse and learn about safety','\"Horses are beautiful animals; but they are large and powerful. Some people even think they’re a little scary. They can be; especially if you don’t know their habits and needs; or how to be safe around one. Caring for a horse is a great way to get comfortable. To guide you through this step; see the box on the left for what you need to know about horse care and safety.\"
');
INSERT into BadgeHasQuest VALUES(4026,40262);
INSERT into BadgeRequirements VALUES(402621,'Spend time with a groom at a riding stable','Spend time with a groom at a riding stable. Assist someone who grooms horses. Brush and feed a horse. Ask if you can help clean a stable! Practice makes perfect; so do these things more than once if possible. And don’t forget to ask about horse safety and anything else you want to know.
');
INSERT into BadgeQuestHasRequirements VALUES(40262,402621);
INSERT into BadgeRequirements VALUES(402622,'Spend time with a large-animal veterinarian or horse trainer','\"Spend time with a large-animal veterinarian or horse trainer. Join her while she works around horses and learn how to brush and feed a horse. Ask if you can help clean a stable! Practice makes perfect; so do these things more than once if possible. And don’t forget to ask about horse safety and anything else you want to know.\"
');
INSERT into BadgeQuestHasRequirements VALUES(40262,402622);
INSERT into BadgeRequirements VALUES(402623,'Spend time with a groom at a Girl Scout horseback riding camp.','\"Spend time with a groom at a Girl Scout horseback riding camp. Assist someone who grooms horses. Brush and feed a horse. Ask if you can help clean a stable! Practice makes perfect; so do these things more than once if possible. And don’t forget to ask about horse safety and anything else you want to know.\"
');
INSERT into BadgeQuestHasRequirements VALUES(40262,402623);
INSERT into BadgeQuests VALUES(40263,'Prepare for your ride','\"Before you even begin your ride; you should know certain things; like how to get on and off your horse; not to mention how to tie her so she can’t wander off.\"
');
INSERT into BadgeHasQuest VALUES(4026,40263);
INSERT into BadgeRequirements VALUES(402631,'Take part in horseback riding at camp','Take part in horseback riding at camp
');
INSERT into BadgeQuestHasRequirements VALUES(40263,402631);
INSERT into BadgeRequirements VALUES(402632,'Take lesson at a horseback riding stable','Take lessong at a horseback riding stable
');
INSERT into BadgeQuestHasRequirements VALUES(40263,402632);
INSERT into BadgeRequirements VALUES(402633,'Ask a local horseback-riding expert to give you lessons','Ask a local horseback-riding expert to give you lessons
');
INSERT into BadgeQuestHasRequirements VALUES(40263,402633);
INSERT into BadgeQuests VALUES(40264,'Practice your ride','\"Now you are ready to mount your horse; take your reins in your hands; and get moving!\"
');
INSERT into BadgeHasQuest VALUES(4026,40264);
INSERT into BadgeRequirements VALUES(402641,'Take part in horseback riding at camp','Take part in horseback riding at camp
');
INSERT into BadgeQuestHasRequirements VALUES(40264,402641);
INSERT into BadgeRequirements VALUES(402642,'Take lessong at a horseback riding stable','Take lessong at a horseback riding stable
');
INSERT into BadgeQuestHasRequirements VALUES(40264,402642);
INSERT into BadgeRequirements VALUES(402643,'Ask a local horseback-riding expert to give you lessons','Ask a local horseback-riding expert to give you lessons
');
INSERT into BadgeQuestHasRequirements VALUES(40264,402643);
INSERT into BadgeQuests VALUES(40265,'Go for a ride','\"If you’re a beginner; it may take a few lessons to get comfortable on a horse. Once you have the basics down; though; it’s time to ride! You can ride your horse in a riding ring or a trail—no matter where you go or what level you are; you’ll experience the ultimate thrill of riding!\"
');
INSERT into BadgeHasQuest VALUES(4026,40265);
INSERT into BadgeRequirements VALUES(402651,'Take part in horseback riding at camp','Take part in horseback riding at camp
');
INSERT into BadgeQuestHasRequirements VALUES(40265,402651);
INSERT into BadgeRequirements VALUES(402652,'Take lessong at a horseback riding stable','Take lessong at a horseback riding stable
');
INSERT into BadgeQuestHasRequirements VALUES(40265,402652);
INSERT into BadgeRequirements VALUES(402653,'Ask a local horseback-riding expert to give you lessons','Ask a local horseback-riding expert to give you lessons');
INSERT into BadgeQuestHasRequirements VALUES(40265,402653);
